age,Medu,Fedu,traveltime,studytime,failures,famrel,freetime,goout,Dalc,Walc,health,absences,school_GP,school_MS,sex_F,sex_M,address_R,address_U,famsize_GT3,famsize_LE3,Pstatus_A,Pstatus_T,Mjob_at_home,Mjob_health,Mjob_other,Mjob_services,Mjob_teacher,Fjob_at_home,Fjob_health,Fjob_other,Fjob_services,Fjob_teacher,reason_course,reason_home,reason_other,reason_reputation,guardian_father,guardian_mother,guardian_other,schoolsup_no,schoolsup_yes,famsup_no,famsup_yes,paid_no,paid_yes,activities_no,activities_yes,nursery_no,nursery_yes,higher_no,higher_yes,internet_no,internet_yes,romantic_no,romantic_yes,G1,G2,G3,grades
18,4,4,2,2,0,4,3,4,1,1,3,6,1,0,1,0,0,1,1,0,1,0,1,0,0,0,0,0,0,0,0,1,1,0,0,0,0,1,0,0,1,1,0,1,0,1,0,0,1,0,1,1,0,1,0,5,6,6,D
17,1,1,1,2,0,5,3,3,1,1,3,4,1,0,1,0,0,1,1,0,0,1,1,0,0,0,0,0,0,1,0,0,1,0,0,0,1,0,0,1,0,0,1,1,0,1,0,1,0,0,1,0,1,1,0,5,5,6,D
15,1,1,1,2,3,4,3,2,2,3,3,10,1,0,1,0,0,1,0,1,0,1,1,0,0,0,0,0,0,1,0,0,0,0,1,0,0,1,0,0,1,1,0,0,1,1,0,0,1,0,1,0,1,1,0,7,8,10,C
15,4,2,1,3,0,3,2,2,1,1,5,2,1,0,1,0,0,1,1,0,0,1,0,1,0,0,0,0,0,0,1,0,0,1,0,0,0,1,0,1,0,0,1,0,1,0,1,0,1,0,1,0,1,0,1,15,14,15,B
16,3,3,1,2,0,4,3,2,1,2,5,4,1,0,1,0,0,1,1,0,0,1,0,0,1,0,0,0,0,1,0,0,0,1,0,0,1,0,0,1,0,0,1,0,1,1,0,0,1,0,1,1,0,1,0,6,10,10,C
16,4,3,1,2,0,5,4,2,1,2,5,10,1,0,0,1,0,1,0,1,0,1,0,0,0,1,0,0,0,1,0,0,0,0,0,1,0,1,0,1,0,0,1,0,1,0,1,0,1,0,1,0,1,1,0,15,15,15,B
16,2,2,1,2,0,4,4,4,1,1,3,0,1,0,0,1,0,1,0,1,0,1,0,0,1,0,0,0,0,1,0,0,0,1,0,0,0,1,0,1,0,1,0,1,0,1,0,0,1,0,1,0,1,1,0,12,12,11,C
17,4,4,2,2,0,4,1,4,1,1,1,6,1,0,1,0,0,1,1,0,1,0,0,0,1,0,0,0,0,0,0,1,0,1,0,0,0,1,0,0,1,0,1,1,0,1,0,0,1,0,1,1,0,1,0,6,5,6,D
15,3,2,1,2,0,4,2,2,1,1,1,0,1,0,0,1,0,1,0,1,1,0,0,0,0,1,0,0,0,1,0,0,0,1,0,0,0,1,0,1,0,0,1,0,1,1,0,0,1,0,1,0,1,1,0,16,18,19,A
15,3,4,1,2,0,5,5,1,1,1,5,0,1,0,0,1,0,1,1,0,0,1,0,0,1,0,0,0,0,1,0,0,0,1,0,0,0,1,0,1,0,0,1,0,1,0,1,0,1,0,1,0,1,1,0,14,15,15,B
15,4,4,1,2,0,3,3,3,1,2,2,0,1,0,1,0,0,1,1,0,0,1,0,0,0,0,1,0,1,0,0,0,0,0,0,1,0,1,0,1,0,0,1,0,1,1,0,0,1,0,1,0,1,1,0,10,8,9,C
15,2,1,3,3,0,5,2,2,1,1,4,4,1,0,1,0,0,1,1,0,0,1,0,0,0,1,0,0,0,1,0,0,0,0,0,1,1,0,0,1,0,0,1,1,0,0,1,0,1,0,1,0,1,1,0,10,12,12,C
15,4,4,1,1,0,4,3,3,1,3,5,2,1,0,0,1,0,1,0,1,0,1,0,1,0,0,0,0,0,0,1,0,1,0,0,0,1,0,0,1,0,0,1,0,1,0,1,0,1,0,1,0,1,1,0,14,14,14,B
15,4,3,2,2,0,5,4,3,1,2,3,2,1,0,0,1,0,1,1,0,0,1,0,0,0,0,1,0,0,1,0,0,1,0,0,0,0,1,0,1,0,0,1,0,1,1,0,0,1,0,1,0,1,1,0,10,10,11,C
15,2,2,1,3,0,4,5,2,1,1,3,0,1,0,0,1,0,1,1,0,1,0,0,0,1,0,0,0,0,1,0,0,0,1,0,0,0,0,1,1,0,0,1,1,0,1,0,0,1,0,1,0,1,0,1,14,16,16,B
16,4,4,1,1,0,4,4,4,1,2,2,4,1,0,1,0,0,1,1,0,0,1,0,1,0,0,0,0,0,1,0,0,0,1,0,0,0,1,0,1,0,0,1,1,0,1,0,0,1,0,1,0,1,1,0,14,14,14,B
16,4,4,1,3,0,3,2,3,1,2,2,6,1,0,1,0,0,1,1,0,0,1,0,0,0,1,0,0,0,0,1,0,0,0,0,1,0,1,0,1,0,0,1,0,1,0,1,0,1,0,1,0,1,1,0,13,14,14,B
16,3,3,3,2,0,5,3,2,1,1,4,4,1,0,1,0,0,1,1,0,0,1,0,0,1,0,0,0,0,1,0,0,0,0,0,1,0,1,0,0,1,0,1,1,0,0,1,0,1,0,1,1,0,1,0,8,10,10,C
17,3,2,1,1,3,5,5,5,2,4,5,16,1,0,0,1,0,1,1,0,0,1,0,0,0,1,0,0,0,0,1,0,1,0,0,0,0,1,0,1,0,0,1,1,0,0,1,0,1,0,1,0,1,1,0,6,5,5,D
16,4,3,1,1,0,3,1,3,1,3,5,4,1,0,0,1,0,1,0,1,0,1,0,1,0,0,0,0,0,1,0,0,0,1,0,0,1,0,0,1,0,1,0,0,1,0,1,0,1,0,1,0,1,1,0,8,10,10,C
15,4,3,1,2,0,4,4,1,1,1,1,0,1,0,0,1,0,1,1,0,0,1,0,0,0,0,1,0,0,1,0,0,0,0,0,1,0,1,0,1,0,1,0,1,0,1,0,0,1,0,1,0,1,1,0,13,14,15,B
15,4,4,1,1,0,5,4,2,1,1,5,0,1,0,0,1,0,1,1,0,0,1,0,1,0,0,0,0,1,0,0,0,0,0,1,0,1,0,0,1,0,0,1,0,1,1,0,0,1,0,1,0,1,1,0,12,15,15,B
16,4,2,1,2,0,4,5,1,1,3,5,2,1,0,0,1,0,1,0,1,0,1,0,0,0,0,1,0,0,1,0,0,1,0,0,0,0,1,0,1,0,1,0,1,0,0,1,0,1,0,1,0,1,1,0,15,15,16,B
16,2,2,2,2,0,5,4,4,2,4,5,0,1,0,0,1,0,1,0,1,0,1,0,0,1,0,0,0,0,1,0,0,0,0,0,1,0,1,0,1,0,0,1,1,0,0,1,0,1,0,1,0,1,1,0,13,13,12,C
15,2,4,1,3,0,4,3,2,1,1,5,2,1,0,1,0,1,0,1,0,0,1,0,0,0,1,0,0,1,0,0,0,1,0,0,0,0,1,0,0,1,0,1,0,1,0,1,0,1,0,1,0,1,1,0,10,9,8,D
16,2,2,1,1,2,1,2,2,1,3,5,14,1,0,1,0,0,1,1,0,0,1,0,0,0,1,0,0,0,0,1,0,0,1,0,0,0,1,0,1,0,0,1,0,1,1,0,1,0,0,1,0,1,1,0,6,9,8,D
15,2,2,1,1,0,4,2,2,1,2,5,2,1,0,0,1,0,1,1,0,0,1,0,0,1,0,0,0,0,1,0,0,0,1,0,0,0,1,0,1,0,0,1,0,1,1,0,0,1,0,1,0,1,1,0,12,12,11,C
15,4,2,1,1,0,2,2,4,2,4,1,4,1,0,0,1,0,1,1,0,0,1,0,1,0,0,0,0,0,0,1,0,0,0,1,0,0,1,0,1,0,1,0,0,1,1,0,0,1,0,1,0,1,1,0,15,16,15,B
16,3,4,1,2,0,5,3,3,1,1,5,4,1,0,0,1,0,1,0,1,1,0,0,0,0,1,0,0,0,1,0,0,0,1,0,0,0,1,0,0,1,0,1,1,0,0,1,0,1,0,1,0,1,1,0,11,11,11,C
16,4,4,1,2,0,4,4,5,5,5,5,16,1,0,0,1,0,1,1,0,0,1,0,0,0,0,1,0,0,0,0,1,0,1,0,0,0,1,0,1,0,0,1,0,1,0,1,0,1,0,1,0,1,0,1,10,12,11,C
15,4,4,1,2,0,5,4,2,3,4,5,0,1,0,0,1,0,1,1,0,0,1,0,1,0,0,0,0,0,0,1,0,0,1,0,0,0,1,0,1,0,0,1,0,1,1,0,1,0,0,1,0,1,1,0,9,11,12,C
15,4,4,2,2,0,4,3,1,1,1,5,0,1,0,0,1,0,1,1,0,0,1,0,0,0,1,0,0,0,0,1,0,0,0,0,1,0,1,0,1,0,0,1,1,0,0,1,0,1,0,1,0,1,1,0,17,16,17,A
15,4,3,1,2,0,4,5,2,1,1,5,0,1,0,0,1,1,0,1,0,0,1,0,0,0,0,1,1,0,0,0,0,1,0,0,0,0,1,0,1,0,0,1,1,0,0,1,0,1,0,1,0,1,0,1,17,16,16,B
15,3,3,1,2,0,5,3,2,1,1,2,0,1,0,0,1,0,1,0,1,0,1,0,0,1,0,0,0,0,1,0,0,1,0,0,0,0,1,0,1,0,1,0,1,0,0,1,1,0,0,1,0,1,1,0,8,10,12,C
16,3,2,1,1,0,5,4,3,1,1,5,0,1,0,0,1,0,1,1,0,0,1,0,0,1,0,0,0,0,1,0,0,0,1,0,0,0,1,0,1,0,0,1,0,1,1,0,1,0,0,1,0,1,1,0,12,14,15,B
15,2,3,2,1,0,3,5,1,1,1,5,0,1,0,1,0,0,1,1,0,0,1,0,0,1,0,0,0,0,1,0,0,0,0,1,0,1,0,0,1,0,0,1,1,0,0,1,0,1,0,1,1,0,1,0,8,7,6,D
15,4,3,1,3,0,5,4,3,1,1,4,2,1,0,0,1,0,1,0,1,0,1,0,0,0,0,1,0,0,0,1,0,0,1,0,0,0,1,0,1,0,0,1,1,0,0,1,0,1,0,1,0,1,1,0,15,16,18,A
16,4,4,2,3,0,2,4,3,1,1,5,7,1,0,0,1,1,0,1,0,1,0,0,0,1,0,0,0,0,0,0,1,0,0,0,1,0,1,0,1,0,0,1,1,0,0,1,0,1,0,1,0,1,0,1,15,16,15,B
15,3,4,1,3,0,4,3,2,1,1,5,2,1,0,1,0,1,0,1,0,0,1,0,0,0,1,0,0,1,0,0,0,1,0,0,0,0,1,0,0,1,0,1,0,1,0,1,0,1,0,1,0,1,1,0,12,12,11,C
15,2,2,1,1,0,4,3,1,1,1,2,8,1,0,1,0,1,0,1,0,0,1,1,0,0,0,0,0,0,1,0,0,0,0,0,1,0,1,0,0,1,0,1,0,1,0,1,0,1,0,1,1,0,1,0,14,13,13,B
16,2,2,2,2,1,3,3,3,1,2,3,25,1,0,1,0,0,1,0,1,0,1,0,0,1,0,0,0,0,1,0,0,0,1,0,0,0,1,0,1,0,0,1,1,0,0,1,1,0,0,1,0,1,0,1,7,10,11,C
15,4,4,1,1,0,5,4,3,2,4,5,8,1,0,0,1,0,1,0,1,0,1,0,0,0,0,1,0,0,1,0,0,0,1,0,0,0,0,1,1,0,0,1,1,0,1,0,1,0,0,1,0,1,0,1,12,12,12,C
15,4,4,1,2,0,4,3,3,1,1,5,2,1,0,0,1,0,1,1,0,0,1,0,0,0,1,0,0,0,0,0,1,1,0,0,0,1,0,0,1,0,0,1,1,0,0,1,0,1,0,1,0,1,1,0,19,18,18,A
15,2,2,1,1,0,5,4,1,1,1,1,0,1,0,0,1,0,1,1,0,0,1,0,0,0,1,0,0,0,0,1,0,1,0,0,0,1,0,0,0,1,0,1,1,0,1,0,0,1,0,1,0,1,1,0,8,8,11,C
16,2,2,2,2,1,4,3,3,2,2,5,14,1,0,1,0,0,1,0,1,0,1,0,0,1,0,0,1,0,0,0,0,1,0,0,0,1,0,0,0,1,1,0,1,0,0,1,0,1,0,1,0,1,1,0,10,10,9,C
15,4,3,1,2,0,5,2,2,1,1,5,8,1,0,1,0,0,1,0,1,1,0,0,0,1,0,0,0,0,1,0,0,1,0,0,0,0,1,0,0,1,0,1,0,1,0,1,0,1,0,1,0,1,0,1,8,8,6,D
16,3,3,1,2,0,2,3,5,1,4,3,12,1,0,1,0,0,1,0,1,1,0,0,0,1,0,0,0,0,0,1,0,0,1,0,0,0,1,0,1,0,0,1,1,0,1,0,0,1,0,1,0,1,1,0,11,12,11,C
16,4,3,1,4,0,4,2,2,1,1,2,4,1,0,0,1,0,1,1,0,0,1,0,1,0,0,0,0,0,0,1,0,0,0,0,1,0,1,0,1,0,1,0,1,0,0,1,0,1,0,1,0,1,1,0,19,19,20,A
15,4,2,1,2,0,4,3,3,2,2,5,2,1,0,0,1,0,1,1,0,0,1,0,0,0,0,1,0,0,1,0,0,0,1,0,0,0,1,0,1,0,0,1,0,1,1,0,0,1,0,1,1,0,1,0,15,15,14,B
15,4,4,1,2,1,4,4,4,1,1,3,2,1,0,1,0,0,1,1,0,0,1,0,0,0,1,0,0,0,0,0,1,0,0,1,0,1,0,0,0,1,0,1,1,0,0,1,1,0,0,1,0,1,1,0,7,7,7,D
16,2,2,3,2,0,4,3,3,2,3,4,2,1,0,1,0,0,1,0,1,0,1,0,0,0,1,0,0,0,0,1,0,1,0,0,0,0,1,0,1,0,0,1,0,1,1,0,0,1,0,1,0,1,1,0,12,13,13,B
15,4,2,1,2,0,4,3,3,1,1,5,2,1,0,1,0,0,1,0,1,0,1,0,1,0,0,0,0,0,1,0,0,0,0,1,0,0,1,0,1,0,0,1,0,1,1,0,0,1,0,1,0,1,1,0,11,13,13,B
15,4,2,2,1,1,5,5,5,3,4,5,6,1,0,0,1,0,1,0,1,1,0,0,1,0,0,0,0,1,0,0,0,0,0,1,0,1,0,0,1,0,1,0,1,0,1,0,0,1,0,1,1,0,1,0,11,11,10,C
15,4,4,1,1,0,3,3,4,2,3,5,0,1,0,1,0,0,1,1,0,0,1,0,0,0,1,0,0,0,0,1,0,1,0,0,0,0,1,0,0,1,0,1,0,1,1,0,0,1,0,1,0,1,1,0,8,10,11,C
15,3,3,1,1,0,5,3,4,4,4,1,6,1,0,1,0,0,1,0,1,1,0,0,0,1,0,0,0,0,1,0,0,0,0,1,0,0,1,0,1,0,1,0,0,1,1,0,0,1,0,1,0,1,1,0,10,13,13,B
16,2,1,1,2,0,5,3,4,1,1,2,8,1,0,1,0,0,1,1,0,1,0,0,0,1,0,0,0,0,1,0,0,0,0,1,0,0,1,0,1,0,1,0,0,1,0,1,0,1,0,1,0,1,0,1,8,9,10,C
15,4,3,1,2,0,4,3,2,1,1,1,0,1,0,1,0,0,1,1,0,1,0,0,0,0,1,0,0,0,0,1,0,0,0,0,1,0,1,0,1,0,0,1,0,1,0,1,0,1,0,1,0,1,1,0,14,15,15,B
15,4,4,1,2,0,3,2,2,1,1,5,4,1,0,0,1,0,1,1,0,0,1,0,0,0,0,1,0,1,0,0,0,0,0,0,1,0,1,0,1,0,0,1,1,0,0,1,0,1,0,1,1,0,1,0,14,15,15,B
15,1,2,1,2,0,4,3,2,1,1,5,2,1,0,0,1,0,1,0,1,0,1,0,0,1,0,0,1,0,0,0,0,0,1,0,0,1,0,0,0,1,0,1,1,0,0,1,0,1,0,1,0,1,1,0,9,10,9,C
16,4,2,1,2,0,4,2,3,1,1,5,2,1,0,1,0,0,1,1,0,0,1,0,0,0,1,0,0,0,1,0,0,1,0,0,0,0,1,0,1,0,0,1,1,0,1,0,0,1,0,1,0,1,1,0,15,16,16,B
16,4,4,1,2,0,2,4,4,2,3,4,6,1,0,1,0,1,0,1,0,0,1,0,1,0,0,0,0,0,0,0,1,0,0,1,0,0,1,0,1,0,0,1,1,0,0,1,0,1,0,1,1,0,1,0,10,11,11,C
16,1,1,4,1,0,5,5,5,5,5,5,6,1,0,1,0,0,1,1,0,0,1,0,0,0,1,0,0,0,0,1,0,1,0,0,0,1,0,0,0,1,0,1,1,0,0,1,1,0,0,1,0,1,0,1,10,8,11,C
16,1,2,1,2,0,4,4,3,1,1,1,4,1,0,1,0,0,1,0,1,0,1,0,0,1,0,0,0,0,0,1,0,0,0,0,1,1,0,0,0,1,1,0,1,0,0,1,0,1,0,1,0,1,1,0,8,10,9,C
16,4,3,1,3,0,3,4,4,2,4,4,2,1,0,1,0,0,1,1,0,0,1,0,0,0,0,1,0,1,0,0,0,0,1,0,0,0,1,0,0,1,0,1,0,1,0,1,0,1,0,1,0,1,1,0,10,9,9,C
15,4,3,1,2,0,4,4,4,2,4,2,0,1,0,1,0,0,1,0,1,0,1,0,0,0,1,0,0,0,0,1,0,0,0,0,1,1,0,0,0,1,1,0,1,0,0,1,0,1,0,1,0,1,0,1,10,10,10,C
16,4,3,3,2,0,5,4,3,1,2,1,2,1,0,1,0,0,1,0,1,0,1,0,0,0,0,1,0,0,0,1,0,1,0,0,0,0,1,0,1,0,0,1,1,0,0,1,0,1,0,1,0,1,1,0,16,15,15,B
15,4,4,1,4,0,1,3,3,5,5,3,4,1,0,0,1,0,1,1,0,1,0,0,0,1,0,0,0,0,0,1,0,0,0,0,1,0,1,0,1,0,0,1,1,0,0,1,1,0,0,1,0,1,0,1,13,13,12,C
16,3,1,1,4,0,4,3,3,1,2,5,4,1,0,1,0,0,1,1,0,0,1,0,0,0,1,0,0,0,1,0,0,1,0,0,0,0,1,0,0,1,0,1,0,1,1,0,0,1,0,1,0,1,1,0,7,7,6,D
15,2,2,2,2,0,4,1,3,1,3,4,2,1,0,1,0,1,0,0,1,0,1,0,1,0,0,0,0,0,0,1,0,0,0,0,1,0,1,0,0,1,0,1,0,1,1,0,0,1,0,1,0,1,1,0,8,9,8,D
15,3,1,2,4,0,4,4,2,2,3,3,12,1,0,1,0,1,0,0,1,0,1,0,0,1,0,0,0,0,1,0,0,0,0,0,1,1,0,0,1,0,0,1,1,0,1,0,1,0,0,1,0,1,1,0,16,16,16,B
16,3,1,2,4,0,4,3,2,1,1,5,0,1,0,0,1,0,1,1,0,0,1,0,0,1,0,0,0,0,1,0,0,0,0,0,1,1,0,0,1,0,0,1,0,1,1,0,0,1,0,1,0,1,1,0,13,15,15,B
15,4,2,1,4,0,3,3,3,1,1,3,0,1,0,0,1,0,1,1,0,0,1,0,0,1,0,0,0,0,1,0,0,1,0,0,0,0,1,0,1,0,1,0,1,0,1,0,0,1,0,1,0,1,1,0,10,10,10,C
15,1,1,1,2,2,3,3,4,2,4,5,2,1,0,1,0,1,0,1,0,0,1,0,0,1,0,0,0,0,1,0,0,0,0,0,1,0,1,0,0,1,0,1,1,0,1,0,1,0,0,1,0,1,0,1,8,6,5,D
16,3,1,1,1,0,5,3,2,2,2,5,2,1,0,0,1,0,1,1,0,0,1,0,0,1,0,0,0,0,1,0,0,0,0,0,1,0,1,0,1,0,1,0,1,0,0,1,0,1,0,1,1,0,1,0,12,12,14,B
16,3,3,1,2,0,4,3,3,2,4,5,54,1,0,1,0,0,1,1,0,0,1,0,0,1,0,0,0,0,0,1,0,0,1,0,0,0,1,0,0,1,0,1,0,1,0,1,0,1,0,1,0,1,1,0,11,12,11,C
15,4,3,1,2,0,4,3,3,2,3,5,6,1,0,0,1,0,1,1,0,0,1,0,0,0,0,1,0,0,1,0,0,0,1,0,0,0,1,0,1,0,0,1,0,1,0,1,0,1,0,1,0,1,1,0,9,9,10,C
15,4,0,2,4,0,3,4,3,1,1,1,8,1,0,0,1,0,1,1,0,0,1,0,0,0,0,1,0,0,1,0,0,1,0,0,0,0,1,0,1,0,1,0,1,0,0,1,0,1,0,1,0,1,1,0,11,11,10,C
16,2,2,1,4,0,5,2,3,1,3,3,0,1,0,1,0,0,1,1,0,0,1,0,0,1,0,0,0,0,1,0,0,0,0,0,1,0,1,0,1,0,1,0,0,1,1,0,0,1,0,1,0,1,0,1,11,11,11,C
17,2,1,2,1,3,4,5,1,1,1,3,2,1,0,0,1,0,1,1,0,0,1,0,0,1,0,0,0,0,1,0,0,0,1,0,0,0,1,0,0,1,0,1,1,0,0,1,0,1,1,0,0,1,1,0,8,8,10,C
16,3,4,1,2,0,2,4,3,1,2,3,12,1,0,1,0,0,1,1,0,0,1,1,0,0,0,0,0,0,1,0,0,1,0,0,0,0,1,0,1,0,0,1,1,0,1,0,0,1,0,1,0,1,1,0,5,5,5,D
15,2,3,1,1,0,3,2,2,1,3,3,2,1,0,0,1,0,1,1,0,0,1,0,0,1,0,0,0,0,0,1,0,1,0,0,0,1,0,0,0,1,0,1,0,1,0,1,1,0,0,1,0,1,0,1,10,12,12,C
15,2,3,1,3,0,5,3,2,1,2,5,4,1,0,0,1,0,1,1,0,0,1,0,0,1,0,0,0,0,1,0,0,0,1,0,0,0,1,0,0,1,1,0,0,1,1,0,1,0,0,1,0,1,1,0,11,10,11,C
15,3,2,1,2,0,4,4,4,1,1,5,10,1,0,1,0,0,1,0,1,0,1,0,0,0,1,0,0,0,1,0,0,0,0,0,1,0,1,0,1,0,0,1,0,1,1,0,0,1,0,1,0,1,1,0,7,6,6,D
15,2,2,2,2,0,5,3,3,1,3,4,4,1,0,0,1,0,1,0,1,0,1,0,0,0,1,0,0,0,0,1,0,0,1,0,0,0,1,0,1,0,1,0,0,1,0,1,0,1,0,1,0,1,1,0,15,15,15,B
15,1,1,1,2,0,4,3,2,2,3,4,2,1,0,1,0,0,1,1,0,0,1,0,0,1,0,0,0,0,1,0,0,0,1,0,0,1,0,0,1,0,0,1,1,0,0,1,1,0,0,1,0,1,1,0,9,10,10,C
15,4,4,2,2,2,4,4,4,2,3,5,6,1,0,1,0,0,1,1,0,0,1,0,0,0,1,0,0,0,0,1,0,0,0,0,1,1,0,0,1,0,1,0,0,1,1,0,0,1,0,1,0,1,0,1,7,9,8,D
16,2,2,1,2,0,4,3,4,1,2,2,4,1,0,1,0,0,1,0,1,0,1,1,0,0,0,0,0,0,1,0,0,1,0,0,0,0,1,0,1,0,0,1,1,0,1,0,0,1,0,1,1,0,1,0,8,7,6,D
15,4,2,1,3,0,5,3,3,1,3,1,4,1,0,1,0,0,1,1,0,0,1,0,0,1,0,0,0,0,1,0,0,0,0,0,1,0,1,0,1,0,0,1,1,0,0,1,0,1,0,1,0,1,1,0,13,14,14,B
16,2,2,2,2,1,4,4,2,1,1,3,12,1,0,0,1,0,1,1,0,0,1,0,0,0,1,0,0,0,1,0,0,0,0,0,1,1,0,0,1,0,1,0,0,1,0,1,1,0,0,1,0,1,1,0,11,10,10,C
16,4,4,1,2,0,4,1,3,3,5,5,18,1,0,0,1,0,1,0,1,1,0,0,0,0,0,1,0,1,0,0,0,0,0,0,1,0,1,0,1,0,0,1,1,0,1,0,0,1,0,1,1,0,1,0,8,6,7,D
16,3,3,1,3,0,4,3,3,1,3,4,0,1,0,1,0,0,1,1,0,0,1,0,0,1,0,0,0,0,1,0,0,0,1,0,0,0,1,0,1,0,0,1,0,1,1,0,0,1,0,1,0,1,0,1,7,7,8,D
15,4,3,1,1,0,4,5,5,1,3,1,4,1,0,1,0,0,1,1,0,0,1,0,0,0,1,0,0,0,1,0,0,0,0,0,1,0,1,0,1,0,1,0,0,1,0,1,0,1,0,1,0,1,1,0,16,17,18,A
16,3,1,1,2,0,3,3,3,2,3,2,4,1,0,1,0,0,1,0,1,0,1,0,0,1,0,0,0,0,1,0,0,0,1,0,0,1,0,0,0,1,0,1,1,0,1,0,0,1,0,1,1,0,1,0,7,6,6,D
16,4,2,2,2,0,5,3,3,1,1,1,0,1,0,1,0,0,1,1,0,0,1,0,0,0,0,1,0,0,0,1,0,0,1,0,0,0,1,0,1,0,0,1,0,1,0,1,0,1,0,1,0,1,1,0,11,10,10,C
15,2,2,1,4,0,4,3,4,1,1,4,6,1,0,0,1,0,1,0,1,0,1,0,0,0,1,0,0,1,0,0,0,0,0,0,1,0,1,0,1,0,0,1,1,0,0,1,0,1,0,1,0,1,1,0,11,13,14,B
15,1,1,2,4,1,3,1,2,1,1,1,2,1,0,1,0,1,0,1,0,0,1,1,0,0,0,0,0,0,1,0,0,0,1,0,0,0,1,0,0,1,0,1,0,1,0,1,0,1,0,1,0,1,1,0,7,10,10,C
16,4,3,2,1,0,3,3,3,1,1,4,2,1,0,0,1,1,0,1,0,0,1,0,0,0,1,0,0,0,1,0,0,0,0,0,1,0,1,0,0,1,0,1,1,0,0,1,1,0,0,1,0,1,1,0,11,15,15,B
16,2,1,1,2,0,4,3,5,1,1,5,2,1,0,1,0,0,1,1,0,0,1,0,0,1,0,0,0,0,1,0,0,1,0,0,0,0,1,0,1,0,0,1,0,1,1,0,0,1,0,1,1,0,0,1,8,9,10,C
16,4,4,1,1,0,5,3,4,1,2,1,6,1,0,1,0,0,1,1,0,0,1,0,0,1,0,0,0,0,1,0,0,0,0,0,1,0,1,0,1,0,1,0,1,0,0,1,1,0,0,1,0,1,1,0,11,14,14,B
16,4,3,1,3,0,5,3,5,1,1,3,0,1,0,1,0,0,1,1,0,0,1,0,0,1,0,0,1,0,0,0,0,1,0,0,0,0,1,0,0,1,0,1,0,1,1,0,0,1,0,1,0,1,1,0,7,9,8,D
16,4,4,1,1,0,4,5,5,5,5,4,14,1,0,0,1,0,1,1,0,0,1,0,0,0,1,0,0,0,0,1,0,0,0,1,0,0,1,0,0,1,0,1,0,1,0,1,0,1,0,1,0,1,1,0,7,7,5,D
16,4,4,1,3,0,4,4,3,1,1,4,0,1,0,0,1,0,1,1,0,0,1,0,0,0,1,0,0,0,0,0,1,0,0,1,0,1,0,0,1,0,0,1,1,0,0,1,0,1,0,1,0,1,0,1,16,17,17,A
15,4,4,1,1,0,5,3,3,1,1,5,4,1,0,0,1,0,1,1,0,0,1,0,0,0,1,0,0,0,1,0,0,1,0,0,0,0,1,0,1,0,0,1,1,0,0,1,1,0,0,1,0,1,1,0,10,13,14,B
15,3,2,2,2,0,4,3,5,1,1,2,26,1,0,1,0,0,1,1,0,0,1,0,0,0,1,0,0,0,1,0,0,0,1,0,0,0,1,0,0,1,0,1,0,1,1,0,0,1,0,1,0,1,1,0,7,6,6,D
15,3,4,1,2,0,5,4,4,1,1,1,0,1,0,0,1,0,1,1,0,1,0,0,0,0,1,0,0,0,1,0,0,1,0,0,0,0,1,0,1,0,0,1,0,1,0,1,0,1,0,1,0,1,1,0,16,18,18,A
15,3,3,1,4,0,4,3,3,1,1,4,10,1,0,1,0,0,1,1,0,1,0,0,0,1,0,0,0,1,0,0,0,0,0,0,1,1,0,0,0,1,1,0,1,0,1,0,0,1,0,1,1,0,1,0,10,11,11,C
15,2,2,1,4,0,5,1,2,1,1,3,8,1,0,1,0,0,1,1,0,0,1,0,0,1,0,0,0,0,1,0,0,1,0,0,0,0,1,0,0,1,0,1,0,1,1,0,0,1,0,1,0,1,1,0,7,8,8,D
16,3,3,1,3,0,5,3,3,1,1,5,2,1,0,0,1,0,1,1,0,0,1,0,0,0,1,0,0,0,1,0,0,0,1,0,0,1,0,0,1,0,0,1,1,0,0,1,0,1,0,1,0,1,1,0,16,18,18,A
15,4,4,4,4,0,1,3,5,3,5,1,6,1,0,0,1,1,0,1,0,0,1,0,0,1,0,0,0,0,1,0,0,0,1,0,0,1,0,0,1,0,0,1,0,1,0,1,0,1,0,1,0,1,0,1,10,13,13,B
16,4,4,1,3,0,5,4,5,1,1,4,4,1,0,1,0,0,1,0,1,0,1,0,1,0,0,0,0,1,0,0,0,0,0,1,0,0,1,0,1,0,0,1,0,1,0,1,0,1,0,1,0,1,0,1,14,15,16,B
15,4,4,1,1,0,5,5,3,1,1,4,6,1,0,0,1,0,1,0,1,1,0,0,0,0,0,1,0,0,0,0,1,1,0,0,0,0,1,0,1,0,1,0,1,0,0,1,0,1,0,1,0,1,1,0,18,19,19,A
16,3,3,1,3,1,4,1,2,1,1,2,0,1,0,1,0,1,0,1,0,0,1,0,0,0,1,0,0,0,1,0,0,0,0,0,1,1,0,0,0,1,0,1,1,0,0,1,0,1,0,1,0,1,1,0,7,10,10,C
16,2,2,1,2,1,3,1,2,1,1,5,6,1,0,1,0,0,1,1,0,0,1,1,0,0,0,0,0,0,1,0,0,0,1,0,0,0,1,0,0,1,1,0,1,0,0,1,0,1,0,1,0,1,1,0,10,13,13,B
15,4,2,1,1,0,3,5,2,1,1,3,10,1,0,0,1,0,1,0,1,0,1,0,0,0,0,1,0,0,1,0,0,1,0,0,0,0,1,0,1,0,1,0,1,0,1,0,0,1,0,1,0,1,1,0,18,19,19,A
15,2,1,1,2,0,5,4,2,1,1,5,8,1,0,0,1,1,0,1,0,0,1,0,1,0,0,0,0,0,0,1,0,0,0,0,1,0,1,0,1,0,1,0,1,0,0,1,0,1,0,1,0,1,0,1,9,9,9,C
16,4,4,1,2,0,5,4,4,1,2,5,2,1,0,0,1,0,1,1,0,0,1,0,0,0,0,1,0,0,0,0,1,1,0,0,0,1,0,0,1,0,0,1,1,0,0,1,0,1,0,1,0,1,1,0,15,15,16,B
15,4,4,2,2,0,4,4,3,1,1,2,2,1,0,0,1,0,1,1,0,0,1,0,0,1,0,0,0,0,0,0,1,0,0,0,1,1,0,0,1,0,0,1,1,0,0,1,0,1,0,1,1,0,1,0,11,13,14,B
16,3,3,2,1,0,5,4,2,1,1,5,0,1,0,0,1,0,1,1,0,0,1,0,0,1,0,0,0,0,0,1,0,0,1,0,0,1,0,0,1,0,1,0,1,0,0,1,0,1,0,1,0,1,1,0,13,14,13,B
17,1,3,3,2,1,5,2,4,1,4,5,20,1,0,0,1,1,0,1,0,0,1,0,0,1,0,0,0,0,1,0,0,1,0,0,0,1,0,0,1,0,0,1,1,0,0,1,0,1,0,1,0,1,1,0,9,7,8,D
15,3,4,1,1,0,3,4,3,1,2,4,6,1,0,0,1,0,1,1,0,0,1,0,0,1,0,0,0,0,1,0,0,0,0,0,1,1,0,0,1,0,1,0,1,0,1,0,0,1,0,1,0,1,1,0,14,13,13,B
15,1,2,1,2,0,3,2,3,1,2,1,2,1,0,1,0,0,1,1,0,0,1,1,0,0,0,0,0,0,0,1,0,1,0,0,0,0,1,0,1,0,1,0,1,0,1,0,1,0,0,1,0,1,1,0,16,15,15,B
15,2,2,1,4,0,5,5,4,1,2,5,6,1,0,0,1,0,1,1,0,0,1,0,0,0,1,0,0,0,0,1,0,0,1,0,0,1,0,0,1,0,0,1,0,1,0,1,0,1,0,1,0,1,1,0,16,14,15,B
16,2,4,2,2,0,4,2,2,1,2,5,2,1,0,1,0,0,1,0,1,0,1,0,0,1,0,0,0,1,0,0,0,1,0,0,0,1,0,0,1,0,0,1,0,1,0,1,0,1,0,1,0,1,0,1,13,13,13,B
16,4,4,1,1,0,3,4,4,1,4,5,18,1,0,0,1,0,1,1,0,0,1,0,1,0,0,0,0,0,1,0,0,1,0,0,0,0,1,0,1,0,0,1,1,0,0,1,0,1,0,1,0,1,1,0,14,11,13,B
16,2,2,1,2,0,5,4,4,1,1,5,0,1,0,1,0,0,1,1,0,0,1,0,0,1,0,0,0,0,1,0,0,0,1,0,0,0,1,0,1,0,1,0,0,1,1,0,0,1,0,1,0,1,0,1,8,7,8,D
15,3,4,1,1,0,5,5,5,3,2,5,0,1,0,0,1,0,1,1,0,0,1,0,0,0,1,0,0,0,0,1,0,0,1,0,0,1,0,0,0,1,1,0,1,0,1,0,0,1,0,1,0,1,1,0,13,13,12,C
15,3,4,1,2,0,5,3,2,1,1,1,0,1,0,1,0,0,1,0,1,1,0,0,0,1,0,0,0,0,1,0,0,0,1,0,0,0,1,0,0,1,1,0,1,0,0,1,0,1,0,1,0,1,0,1,7,10,11,C
19,0,1,1,2,3,3,4,2,1,1,5,2,1,0,1,0,0,1,1,0,0,1,1,0,0,0,0,0,0,1,0,0,1,0,0,0,0,0,1,1,0,0,1,1,0,1,0,1,0,1,0,1,0,1,0,7,8,9,C
18,2,2,1,1,2,3,3,3,1,2,4,0,1,0,0,1,1,0,1,0,0,1,0,0,0,1,0,0,0,1,0,0,0,0,0,1,0,1,0,1,0,0,1,1,0,0,1,0,1,0,1,0,1,1,0,7,4,0,E
16,4,4,1,1,0,3,5,5,2,5,4,8,1,0,0,1,1,0,1,0,0,1,0,0,0,0,1,0,0,0,0,1,1,0,0,0,0,1,0,1,0,1,0,0,1,0,1,0,1,0,1,0,1,1,0,18,18,18,A
15,3,4,2,3,2,4,2,2,2,2,5,0,1,0,1,0,1,0,1,0,0,1,0,0,0,1,0,0,0,0,0,1,1,0,0,0,1,0,0,1,0,0,1,1,0,1,0,0,1,0,1,0,1,0,1,12,0,0,E
15,1,1,3,1,0,4,3,3,1,2,4,0,1,0,1,0,0,1,1,0,0,1,1,0,0,0,0,0,0,1,0,0,1,0,0,0,0,1,0,1,0,0,1,1,0,0,1,1,0,0,1,0,1,0,1,8,0,0,E
17,2,2,1,1,0,3,4,4,1,3,5,12,1,0,1,0,0,1,0,1,0,1,0,0,1,0,0,0,0,1,0,0,1,0,0,0,1,0,0,1,0,0,1,1,0,1,0,0,1,0,1,0,1,0,1,10,13,12,C
16,3,4,1,1,0,3,2,1,1,4,5,16,1,0,1,0,0,1,1,0,1,0,0,0,0,1,0,0,0,1,0,0,1,0,0,0,1,0,0,1,0,1,0,1,0,1,0,0,1,0,1,0,1,1,0,12,11,11,C
15,3,4,4,2,0,5,3,3,1,1,5,0,1,0,0,1,1,0,1,0,0,1,1,0,0,0,0,0,0,0,0,1,1,0,0,0,0,1,0,1,0,0,1,1,0,1,0,0,1,0,1,1,0,0,1,9,0,0,E
15,4,4,1,3,0,4,3,3,1,1,5,0,1,0,1,0,0,1,1,0,0,1,0,0,0,1,0,1,0,0,0,0,1,0,0,0,0,1,0,1,0,0,1,1,0,0,1,0,1,0,1,0,1,0,1,11,0,0,E
17,3,4,3,2,0,5,4,5,2,4,5,0,1,0,0,1,1,0,1,0,0,1,1,0,0,0,0,0,0,1,0,0,1,0,0,0,0,1,0,1,0,1,0,1,0,1,0,0,1,0,1,1,0,1,0,10,0,0,E
16,3,3,2,1,2,4,3,2,1,1,5,0,1,0,1,0,0,1,1,0,1,0,0,0,1,0,0,0,0,1,0,0,1,0,0,0,0,0,1,1,0,0,1,1,0,0,1,1,0,0,1,0,1,0,1,4,0,0,E
16,1,1,1,2,1,4,4,4,1,3,5,0,1,0,0,1,0,1,0,1,0,1,0,0,0,1,0,0,0,1,0,0,1,0,0,0,0,1,0,1,0,1,0,1,0,1,0,0,1,0,1,1,0,0,1,14,12,12,C
15,4,4,2,1,0,4,3,2,1,1,5,0,1,0,1,0,0,1,1,0,0,1,0,0,0,0,1,0,0,0,0,1,1,0,0,0,0,1,0,1,0,1,0,1,0,0,1,0,1,0,1,0,1,1,0,16,16,15,B
15,4,3,2,4,0,2,2,2,1,1,3,0,1,0,0,1,0,1,1,0,0,1,0,0,0,0,1,0,0,0,1,0,1,0,0,0,1,0,0,0,1,0,1,1,0,1,0,0,1,0,1,0,1,1,0,7,9,0,E
16,2,2,2,1,2,2,3,3,2,2,2,8,1,0,0,1,0,1,0,1,0,1,0,0,0,1,0,0,0,0,1,0,0,0,0,1,1,0,0,1,0,0,1,1,0,0,1,0,1,0,1,0,1,1,0,9,9,9,C
15,4,4,1,3,0,4,2,2,1,1,5,2,1,0,1,0,0,1,1,0,0,1,0,0,0,0,1,0,0,0,1,0,1,0,0,0,0,1,0,1,0,0,1,0,1,0,1,0,1,0,1,0,1,1,0,9,11,11,C
16,1,1,1,1,0,3,4,4,3,3,1,2,1,0,1,0,0,1,0,1,0,1,1,0,0,0,0,1,0,0,0,0,1,0,0,0,0,1,0,1,0,1,0,1,0,1,0,0,1,0,1,0,1,1,0,14,14,13,B
17,2,1,1,1,3,5,4,5,1,2,5,0,1,0,0,1,0,1,1,0,0,1,0,0,1,0,0,0,0,1,0,0,0,1,0,0,0,1,0,1,0,0,1,1,0,1,0,0,1,0,1,0,1,1,0,5,0,0,E
15,1,1,1,2,0,4,4,2,1,2,5,0,1,0,1,0,0,1,1,0,0,1,0,0,1,0,0,0,0,0,1,0,1,0,0,0,1,0,0,1,0,0,1,0,1,1,0,0,1,0,1,0,1,1,0,8,11,11,C
15,3,2,1,2,3,3,3,2,1,1,3,0,1,0,1,0,0,1,1,0,0,1,0,1,0,0,0,0,0,0,1,0,0,1,0,0,1,0,0,1,0,0,1,1,0,1,0,0,1,0,1,0,1,1,0,6,7,0,E
15,1,2,1,2,0,4,3,2,1,1,5,2,1,0,1,0,0,1,1,0,0,1,1,0,0,0,0,0,0,1,0,0,1,0,0,0,0,1,0,1,0,0,1,0,1,1,0,1,0,0,1,0,1,1,0,10,11,11,C
16,4,4,1,1,0,3,3,2,2,1,5,0,1,0,0,1,0,1,1,0,0,1,0,0,0,0,1,0,0,0,0,1,1,0,0,0,0,1,0,1,0,0,1,1,0,1,0,0,1,1,0,0,1,0,1,7,6,0,E
15,2,1,4,1,3,4,5,5,2,5,5,0,1,0,0,1,0,1,0,1,1,0,0,0,0,1,0,0,0,1,0,0,1,0,0,0,0,1,0,1,0,1,0,1,0,1,0,0,1,0,1,0,1,1,0,8,9,10,C
18,1,1,1,1,3,2,3,5,2,5,4,0,1,0,0,1,0,1,0,1,0,1,0,0,1,0,0,0,0,1,0,0,1,0,0,0,0,1,0,1,0,1,0,1,0,1,0,0,1,1,0,0,1,0,1,6,5,0,E
16,2,1,1,1,1,4,4,4,3,5,5,6,1,0,0,1,0,1,0,1,0,1,1,0,0,0,0,0,0,1,0,0,1,0,0,0,0,1,0,1,0,1,0,1,0,0,1,0,1,0,1,1,0,0,1,12,13,14,B
15,3,3,2,3,2,4,2,1,2,3,3,8,1,0,1,0,1,0,1,0,0,1,0,0,0,1,0,0,0,0,1,0,0,0,0,1,0,0,1,1,0,0,1,0,1,0,1,0,1,0,1,0,1,0,1,10,10,10,C
19,3,2,1,1,3,4,5,4,1,1,4,0,1,0,0,1,0,1,1,0,0,1,0,0,0,1,0,1,0,0,0,0,0,1,0,0,0,1,0,1,0,0,1,1,0,1,0,0,1,1,0,0,1,0,1,5,0,0,E
17,4,4,1,1,0,4,2,1,1,1,4,0,1,0,1,0,0,1,1,0,0,1,0,0,1,0,0,0,0,0,0,1,1,0,0,0,0,1,0,0,1,0,1,1,0,1,0,0,1,0,1,1,0,0,1,11,11,12,C
15,2,3,1,2,0,4,4,4,1,1,1,2,1,0,0,1,1,0,1,0,0,1,1,0,0,0,0,0,0,0,1,0,1,0,0,0,0,1,0,0,1,1,0,0,1,0,1,0,1,0,1,1,0,1,0,11,8,8,D
17,1,2,1,1,0,2,2,2,3,3,5,8,1,0,0,1,1,0,0,1,0,1,0,0,1,0,0,0,0,1,0,0,0,0,0,1,0,1,0,1,0,1,0,1,0,1,0,0,1,0,1,1,0,1,0,16,12,13,B
18,1,1,3,1,3,5,2,5,1,5,4,6,1,0,1,0,1,0,1,0,0,1,1,0,0,0,0,0,0,1,0,0,1,0,0,0,0,1,0,1,0,0,1,1,0,0,1,1,0,0,1,1,0,1,0,9,8,10,C
16,2,2,3,1,0,4,2,2,1,2,3,2,1,0,0,1,1,0,1,0,0,1,1,0,0,0,0,0,0,1,0,0,1,0,0,0,0,1,0,1,0,1,0,1,0,1,0,1,0,0,1,1,0,1,0,17,15,15,B
16,3,3,1,2,1,4,5,5,4,4,5,4,1,0,0,1,0,1,1,0,0,1,0,0,1,0,0,0,0,0,1,0,1,0,0,0,1,0,0,1,0,0,1,0,1,1,0,0,1,0,1,0,1,0,1,10,12,12,C
17,2,1,2,1,2,3,3,2,2,2,5,0,1,0,0,1,1,0,0,1,0,1,1,0,0,0,0,0,0,1,0,0,1,0,0,0,0,1,0,1,0,1,0,1,0,0,1,0,1,1,0,0,1,0,1,7,6,0,E
15,3,2,2,2,2,4,4,4,1,4,3,6,1,0,0,1,1,0,1,0,0,1,0,0,1,0,0,0,0,1,0,0,1,0,0,0,0,1,0,0,1,0,1,1,0,1,0,0,1,0,1,0,1,0,1,5,9,7,D
16,1,2,2,1,1,4,4,4,2,4,5,0,1,0,0,1,0,1,0,1,0,1,0,0,1,0,0,0,0,1,0,0,1,0,0,0,0,1,0,1,0,1,0,1,0,0,1,0,1,0,1,1,0,1,0,7,0,0,E
17,1,3,1,1,0,5,3,3,1,4,2,2,1,0,0,1,0,1,1,0,0,1,1,0,0,0,0,0,0,0,1,0,1,0,0,0,1,0,0,1,0,1,0,1,0,1,0,0,1,1,0,0,1,1,0,10,10,10,C
17,1,1,4,2,3,5,3,5,1,5,5,0,1,0,0,1,1,0,0,1,0,1,0,0,1,0,0,0,0,0,1,0,1,0,0,0,0,1,0,1,0,1,0,1,0,0,1,0,1,1,0,1,0,0,1,5,8,7,D
16,3,2,2,1,1,4,5,2,1,1,2,16,1,0,0,1,0,1,1,0,0,1,0,0,0,1,0,0,0,0,1,0,1,0,0,0,0,1,0,1,0,0,1,1,0,0,1,1,0,1,0,1,0,1,0,12,11,12,C
16,2,2,1,2,0,4,3,5,2,4,4,4,1,0,0,1,0,1,1,0,0,1,0,0,1,0,0,0,0,1,0,0,1,0,0,0,1,0,0,1,0,1,0,1,0,1,0,0,1,1,0,0,1,1,0,10,10,10,C
16,4,2,1,2,0,4,2,3,1,1,3,0,1,0,1,0,0,1,1,0,0,1,0,1,0,0,0,0,0,0,1,0,0,1,0,0,1,0,0,1,0,1,0,0,1,1,0,0,1,0,1,0,1,0,1,14,15,16,B
16,2,2,1,2,0,5,1,5,1,1,4,0,1,0,1,0,0,1,1,0,0,1,0,0,1,0,0,0,0,1,0,0,0,1,0,0,0,1,0,1,0,0,1,0,1,1,0,1,0,0,1,0,1,1,0,6,7,0,E
16,4,4,1,2,0,4,4,2,1,1,3,0,1,0,1,0,0,1,1,0,0,1,0,1,0,0,0,0,1,0,0,0,0,0,0,1,0,1,0,1,0,0,1,0,1,1,0,0,1,0,1,0,1,0,1,14,14,14,B
16,3,4,3,1,2,3,4,5,2,4,2,0,1,0,0,1,0,1,1,0,0,1,0,0,1,0,0,0,0,1,0,0,1,0,0,0,1,0,0,1,0,0,1,1,0,0,1,1,0,0,1,0,1,1,0,6,5,0,E
16,1,0,2,2,0,4,3,2,1,1,3,2,1,0,0,1,0,1,1,0,0,1,0,0,1,0,0,0,0,1,0,0,0,0,0,1,0,1,0,1,0,0,1,0,1,0,1,0,1,0,1,0,1,0,1,13,15,16,B
17,4,4,1,2,0,4,4,4,1,3,5,0,1,0,0,1,0,1,0,1,0,1,0,0,0,0,1,0,0,1,0,0,0,0,0,1,0,1,0,1,0,0,1,0,1,0,1,0,1,0,1,0,1,1,0,13,11,10,C
16,1,3,1,2,3,4,3,5,1,1,3,0,1,0,1,0,0,1,1,0,0,1,1,0,0,0,0,0,0,0,1,0,0,1,0,0,0,1,0,1,0,1,0,1,0,0,1,1,0,0,1,0,1,0,1,8,7,0,E
16,3,3,2,2,0,4,4,5,1,1,4,4,1,0,1,0,0,1,0,1,0,1,0,0,1,0,0,0,0,1,0,0,0,0,0,1,0,1,0,1,0,0,1,0,1,0,1,0,1,0,1,0,1,1,0,10,11,9,C
17,4,3,2,2,0,4,4,4,4,4,4,4,1,0,0,1,0,1,0,1,0,1,0,0,0,0,1,0,0,1,0,0,1,0,0,0,0,1,0,1,0,1,0,0,1,0,1,0,1,0,1,0,1,1,0,10,9,9,C
16,2,2,2,2,0,3,4,4,1,4,5,2,1,0,1,0,0,1,1,0,0,1,0,0,0,1,0,0,0,1,0,0,0,0,0,1,0,1,0,1,0,1,0,0,1,0,1,1,0,0,1,0,1,1,0,13,13,11,C
17,3,3,1,2,0,4,3,4,1,4,4,4,1,0,0,1,0,1,1,0,0,1,0,0,1,0,0,0,0,1,0,0,0,0,0,1,1,0,0,1,0,1,0,1,0,0,1,1,0,0,1,0,1,1,0,6,5,6,D
16,4,2,1,1,0,4,3,3,3,4,3,10,1,0,0,1,1,0,1,0,0,1,0,0,0,0,1,0,0,0,1,0,0,0,1,0,0,1,0,1,0,0,1,1,0,0,1,0,1,0,1,0,1,0,1,10,8,9,C
17,4,3,1,2,0,5,2,3,1,1,2,4,1,0,0,1,0,1,1,0,0,1,0,0,1,0,0,0,0,1,0,0,1,0,0,0,0,1,0,1,0,0,1,1,0,0,1,0,1,0,1,0,1,0,1,10,10,11,C
16,4,3,1,2,0,3,4,3,2,3,3,10,1,0,0,1,0,1,1,0,0,1,0,0,0,0,1,0,0,1,0,0,0,1,0,0,0,1,0,1,0,0,1,0,1,0,1,0,1,0,1,0,1,1,0,9,8,8,D
16,3,3,1,2,0,4,2,3,1,2,3,2,1,0,0,1,0,1,1,0,0,1,0,0,0,1,0,0,0,1,0,0,0,1,0,0,0,1,0,1,0,1,0,0,1,0,1,0,1,0,1,0,1,0,1,12,13,12,C
17,2,4,1,2,0,5,4,2,2,3,5,0,1,0,1,0,0,1,1,0,0,1,0,0,0,1,0,0,0,0,1,0,0,0,0,1,1,0,0,1,0,0,1,1,0,0,1,0,1,0,1,1,0,1,0,16,17,17,A
17,3,3,1,2,0,5,3,3,2,3,1,56,1,0,1,0,0,1,0,1,0,1,0,0,1,0,0,0,0,1,0,0,0,0,0,1,0,1,0,1,0,0,1,1,0,0,1,0,1,0,1,0,1,0,1,9,9,8,D
16,3,2,1,2,0,1,2,2,1,2,1,14,1,0,1,0,0,1,1,0,0,1,0,0,1,0,0,0,0,1,0,0,0,0,0,1,0,1,0,1,0,0,1,0,1,1,0,0,1,0,1,0,1,1,0,12,13,12,C
17,3,3,1,2,0,4,3,4,2,3,4,12,1,0,0,1,0,1,1,0,0,1,0,0,0,1,0,0,0,0,1,0,0,0,1,0,0,1,0,1,0,0,1,1,0,0,1,0,1,0,1,0,1,0,1,12,12,11,C
16,1,2,1,1,0,3,3,3,1,2,3,2,1,0,0,1,0,1,1,0,0,1,0,0,0,1,0,0,0,0,1,0,0,0,1,0,0,1,0,1,0,0,1,0,1,0,1,0,1,0,1,0,1,0,1,11,12,11,C
16,2,1,1,2,0,4,2,3,1,2,5,0,1,0,0,1,0,1,0,1,0,1,0,0,1,0,0,0,0,1,0,0,1,0,0,0,0,1,0,1,0,1,0,0,1,0,1,0,1,0,1,0,1,0,1,15,15,15,B
17,3,3,1,2,0,3,3,3,1,3,3,6,1,0,1,0,0,1,1,0,1,0,0,1,0,0,0,0,0,1,0,0,0,0,0,1,0,1,0,1,0,0,1,1,0,1,0,1,0,0,1,0,1,0,1,8,7,9,C
17,1,2,1,2,0,3,1,3,1,5,3,4,1,0,0,1,1,0,1,0,0,1,1,0,0,0,0,0,0,1,0,0,0,1,0,0,0,1,0,1,0,1,0,1,0,1,0,0,1,0,1,1,0,1,0,8,9,10,C
16,2,3,1,2,0,4,3,3,1,1,2,10,1,0,1,0,0,1,1,0,0,1,0,0,0,1,0,0,0,0,1,0,1,0,0,0,0,1,0,1,0,1,0,1,0,1,0,0,1,0,1,0,1,1,0,11,12,13,B
17,1,1,1,2,0,5,3,3,1,1,3,0,1,0,1,0,0,1,1,0,0,1,1,0,0,0,0,0,0,0,1,0,1,0,0,0,0,1,0,1,0,1,0,1,0,0,1,0,1,0,1,0,1,1,0,8,8,9,C
17,1,2,2,2,0,4,4,4,4,5,5,12,1,0,0,1,0,1,1,0,0,1,1,0,0,0,0,0,0,0,1,0,0,0,1,0,0,0,1,1,0,1,0,0,1,0,1,1,0,0,1,0,1,1,0,7,8,8,D
16,3,3,1,1,0,4,3,2,3,4,5,8,1,0,0,1,1,0,1,0,0,1,0,0,0,1,0,0,0,0,1,0,0,0,0,1,0,1,0,1,0,0,1,1,0,0,1,0,1,0,1,0,1,1,0,8,9,10,C
16,2,3,2,1,0,5,3,3,1,1,3,0,1,0,0,1,0,1,1,0,0,1,0,0,1,0,0,0,0,1,0,0,0,1,0,0,1,0,0,1,0,1,0,1,0,1,0,0,1,0,1,0,1,1,0,13,14,14,B
17,2,4,1,2,0,4,3,2,1,1,5,0,1,0,1,0,0,1,0,1,0,1,0,0,0,1,0,0,0,0,1,0,1,0,0,0,1,0,0,1,0,1,0,1,0,0,1,0,1,0,1,0,1,0,1,14,15,15,B
17,4,4,1,1,0,5,2,3,1,2,5,4,1,0,0,1,0,1,1,0,0,1,0,0,0,1,0,0,0,0,0,1,0,1,0,0,0,1,0,1,0,1,0,1,0,1,0,0,1,0,1,0,1,1,0,17,15,16,B
16,3,3,3,1,0,3,3,4,3,5,3,8,1,0,0,1,1,0,0,1,0,1,0,0,0,0,1,0,0,1,0,0,0,1,0,0,1,0,0,1,0,0,1,0,1,0,1,0,1,0,1,0,1,1,0,9,9,10,C
17,4,4,2,1,1,4,2,4,2,3,2,24,1,0,1,0,0,1,1,0,0,1,0,0,0,1,0,0,0,0,0,1,0,1,0,0,0,1,0,1,0,0,1,1,0,1,0,0,1,0,1,0,1,1,0,18,18,18,A
16,4,4,1,2,0,4,5,2,1,2,3,0,1,0,1,0,0,1,0,1,0,1,0,0,0,0,1,0,0,0,0,1,0,0,0,1,0,1,0,1,0,0,1,0,1,1,0,0,1,0,1,0,1,1,0,9,9,10,C
16,4,3,1,2,0,4,3,5,1,5,2,2,1,0,1,0,0,1,1,0,0,1,0,1,0,0,0,0,0,1,0,0,0,1,0,0,0,1,0,1,0,0,1,1,0,0,1,0,1,0,1,0,1,1,0,16,16,16,B
16,2,3,1,2,0,4,4,3,1,3,4,6,1,0,1,0,0,1,1,0,0,1,0,0,1,0,0,0,0,1,0,0,0,0,0,1,0,1,0,0,1,0,1,0,1,0,1,0,1,0,1,1,0,1,0,8,10,10,C
17,1,1,1,2,0,4,4,4,1,3,1,4,1,0,1,0,0,1,1,0,0,1,0,0,1,0,0,0,0,1,0,0,1,0,0,0,0,1,0,1,0,0,1,0,1,1,0,1,0,0,1,1,0,1,0,9,9,10,C
17,2,2,1,1,0,5,3,2,1,2,3,18,1,0,1,0,1,0,1,0,0,1,0,0,1,0,0,0,0,1,0,0,0,0,0,1,0,1,0,1,0,0,1,1,0,1,0,0,1,0,1,0,1,1,0,7,6,6,D
16,2,2,2,4,0,5,3,5,1,1,5,6,1,0,1,0,1,0,1,0,0,1,0,0,0,1,0,0,0,0,1,0,0,0,0,1,0,1,0,1,0,0,1,0,1,0,1,1,0,0,1,0,1,1,0,10,10,11,C
17,3,4,1,3,1,4,4,3,3,4,5,28,1,0,1,0,0,1,1,0,0,1,1,0,0,0,0,0,0,0,1,0,0,1,0,0,0,1,0,1,0,0,1,0,1,1,0,0,1,0,1,0,1,0,1,10,9,9,C
16,3,1,1,2,3,2,3,3,2,2,4,5,1,0,1,0,0,1,1,0,1,0,0,0,0,1,0,0,0,1,0,0,1,0,0,0,0,1,0,1,0,0,1,0,1,1,0,0,1,0,1,0,1,1,0,7,7,7,D
16,4,3,1,2,0,1,3,2,1,1,1,10,1,0,1,0,0,1,1,0,0,1,0,0,0,0,1,0,0,1,0,0,0,0,1,0,0,1,0,1,0,1,0,0,1,0,1,0,1,0,1,0,1,0,1,11,12,13,B
16,1,1,2,1,0,4,3,2,1,4,5,6,1,0,1,0,0,1,1,0,0,1,1,0,0,0,0,0,0,1,0,0,0,1,0,0,0,1,0,1,0,0,1,0,1,1,0,0,1,0,1,1,0,1,0,9,9,10,C
17,4,3,2,3,0,4,4,2,1,1,4,6,1,0,1,0,1,0,1,0,0,1,0,0,0,0,1,0,0,1,0,0,0,0,0,1,0,1,0,1,0,0,1,0,1,0,1,0,1,0,1,0,1,0,1,7,7,7,D
19,3,3,1,4,0,4,3,3,1,2,3,10,1,0,1,0,0,1,1,0,0,1,0,0,1,0,0,0,0,1,0,0,0,0,0,1,0,0,1,1,0,0,1,0,1,0,1,0,1,0,1,0,1,1,0,8,8,8,D
17,4,4,1,2,0,5,3,5,4,5,3,13,1,0,0,1,0,1,0,1,0,1,0,0,0,1,0,0,0,1,0,0,0,1,0,0,0,1,0,1,0,0,1,0,1,1,0,0,1,0,1,0,1,0,1,12,12,13,B
16,2,2,1,2,0,3,3,4,1,1,4,0,1,0,1,0,0,1,1,0,1,0,0,0,1,0,0,0,0,1,0,0,0,0,0,1,0,1,0,0,1,0,1,0,1,1,0,0,1,0,1,0,1,1,0,12,13,14,B
18,2,2,1,2,1,4,4,4,2,4,5,15,1,0,0,1,0,1,1,0,0,1,0,0,0,1,0,0,0,1,0,0,0,1,0,0,0,1,0,1,0,0,1,0,1,0,1,0,1,0,1,0,1,1,0,6,7,8,D
17,4,4,1,1,0,5,2,1,1,2,3,12,1,0,1,0,1,0,0,1,0,1,0,0,0,1,0,0,0,1,0,0,0,0,1,0,0,1,0,1,0,0,1,0,1,1,0,0,1,0,1,1,0,1,0,8,10,10,C
17,3,2,2,2,0,4,4,4,1,3,1,2,1,0,1,0,0,1,0,1,0,1,0,0,1,0,0,0,0,1,0,0,0,0,0,1,0,1,0,1,0,1,0,0,1,1,0,0,1,0,1,0,1,1,0,14,15,15,B
17,4,3,1,2,2,3,4,5,2,4,1,22,1,0,1,0,0,1,1,0,0,1,0,0,1,0,0,0,0,1,0,0,0,0,0,1,0,1,0,1,0,1,0,0,1,1,0,0,1,0,1,0,1,0,1,6,6,4,E
18,3,3,1,2,1,3,2,4,2,4,4,13,1,0,0,1,0,1,0,1,0,1,0,0,0,1,0,0,1,0,0,0,0,1,0,0,1,0,0,1,0,0,1,0,1,1,0,0,1,0,1,0,1,1,0,6,6,8,D
17,2,3,2,1,0,3,3,3,1,4,3,3,1,0,1,0,0,1,1,0,0,1,1,0,0,0,0,0,0,1,0,0,0,1,0,0,1,0,0,1,0,0,1,0,1,1,0,0,1,0,1,1,0,1,0,7,7,8,D
17,2,2,1,3,0,4,3,3,1,1,4,4,1,0,1,0,0,1,1,0,0,1,1,0,0,0,0,1,0,0,0,0,1,0,0,0,0,1,0,1,0,0,1,0,1,0,1,0,1,0,1,0,1,1,0,9,10,10,C
17,2,1,2,2,0,4,2,5,1,2,5,2,1,0,1,0,1,0,1,0,0,1,1,0,0,0,0,0,0,0,1,0,0,0,0,1,0,1,0,1,0,0,1,1,0,0,1,0,1,0,1,0,1,1,0,6,6,6,D
17,1,1,1,3,1,4,3,4,1,1,5,0,1,0,1,0,0,1,1,0,0,1,1,0,0,0,0,0,0,1,0,0,0,0,0,1,0,1,0,1,0,0,1,1,0,0,1,0,1,0,1,1,0,0,1,6,5,0,E
16,2,3,1,2,0,2,3,1,1,1,3,2,1,0,1,0,0,1,1,0,0,1,0,0,0,1,0,0,0,0,0,1,0,0,1,0,0,1,0,0,1,1,0,1,0,1,0,0,1,0,1,0,1,1,0,16,16,17,A
18,2,2,2,2,0,3,3,3,5,5,4,0,1,0,0,1,0,1,1,0,0,1,0,0,1,0,0,0,0,1,0,0,0,1,0,0,0,1,0,1,0,0,1,0,1,1,0,0,1,0,1,0,1,1,0,12,13,13,B
16,4,4,1,3,0,5,3,2,1,1,5,0,1,0,1,0,0,1,1,0,0,1,0,0,0,0,1,0,0,0,1,0,0,1,0,0,0,1,0,1,0,0,1,1,0,0,1,1,0,0,1,0,1,1,0,13,13,14,B
18,3,1,1,2,1,5,3,3,1,1,4,16,1,0,1,0,1,0,1,0,0,1,0,0,1,0,0,0,0,1,0,0,0,0,0,1,0,1,0,1,0,1,0,1,0,0,1,0,1,0,1,0,1,0,1,9,8,7,D
17,3,2,1,2,0,5,3,4,1,3,3,10,1,0,1,0,0,1,1,0,0,1,0,0,1,0,0,0,0,1,0,0,1,0,0,0,0,1,0,1,0,1,0,1,0,0,1,1,0,0,1,0,1,1,0,16,15,15,B
17,2,3,1,2,0,5,3,3,1,3,3,2,1,0,0,1,0,1,0,1,0,1,0,0,0,1,0,0,0,0,1,0,0,0,0,1,1,0,0,1,0,0,1,0,1,1,0,1,0,0,1,0,1,1,0,12,11,12,C
18,2,1,4,2,0,4,3,2,4,5,3,14,1,0,0,1,0,1,0,1,0,1,1,0,0,0,0,0,0,1,0,0,1,0,0,0,0,1,0,0,1,0,1,0,1,0,1,0,1,0,1,0,1,0,1,10,8,9,C
17,2,1,2,3,0,3,2,3,1,2,3,10,1,0,1,0,0,1,1,0,1,0,0,0,1,0,0,0,0,1,0,0,1,0,0,0,0,1,0,1,0,1,0,1,0,0,1,0,1,0,1,0,1,0,1,12,10,12,C
17,4,3,1,2,0,3,2,3,1,2,3,14,1,0,1,0,0,1,0,1,0,1,0,1,0,0,0,0,0,1,0,0,0,0,0,1,1,0,0,1,0,1,0,1,0,0,1,0,1,0,1,0,1,0,1,13,13,14,B
17,2,2,2,2,0,4,5,2,1,1,1,4,1,0,0,1,1,0,1,0,0,1,0,0,1,0,0,0,0,1,0,0,1,0,0,0,1,0,0,1,0,0,1,0,1,0,1,0,1,0,1,0,1,1,0,11,11,11,C
17,4,4,1,2,0,4,5,5,1,3,2,14,1,0,0,1,0,1,1,0,0,1,0,0,0,0,1,0,0,0,0,1,0,0,0,1,0,1,0,0,1,0,1,1,0,0,1,0,1,0,1,0,1,0,1,11,9,9,C
16,4,4,1,2,0,4,2,4,2,4,1,2,1,0,0,1,0,1,1,0,0,1,0,1,0,0,0,0,0,1,0,0,0,0,0,1,1,0,0,1,0,0,1,0,1,0,1,0,1,0,1,0,1,1,0,14,13,13,B
16,1,1,2,2,0,3,4,2,1,1,5,18,1,0,0,1,0,1,0,1,0,1,0,0,1,0,0,0,0,1,0,0,0,1,0,0,0,1,0,1,0,0,1,0,1,1,0,0,1,0,1,0,1,1,0,9,7,6,D
16,3,2,2,3,0,5,3,3,1,3,2,10,1,0,0,1,0,1,1,0,0,1,1,0,0,0,0,0,0,1,0,0,0,0,0,1,0,1,0,1,0,1,0,1,0,0,1,0,1,0,1,0,1,0,1,11,9,10,C
17,2,2,1,2,0,4,4,2,5,5,4,4,1,0,0,1,0,1,0,1,0,1,0,0,1,0,0,0,0,1,0,0,0,1,0,0,1,0,0,1,0,1,0,0,1,0,1,1,0,0,1,0,1,0,1,14,13,13,B
16,2,1,1,1,0,4,5,2,1,1,5,20,1,0,1,0,0,1,1,0,0,1,0,0,1,0,0,0,0,1,0,0,0,1,0,0,0,1,0,1,0,1,0,1,0,1,0,0,1,0,1,0,1,0,1,13,12,12,C
17,2,1,3,2,0,2,1,1,1,1,3,2,1,0,1,0,1,0,1,0,0,1,1,0,0,0,0,0,0,0,1,0,1,0,0,0,0,1,0,1,0,1,0,1,0,0,1,0,1,0,1,1,0,1,0,13,11,11,C
18,2,2,1,2,1,5,5,4,3,5,2,0,1,0,0,1,0,1,1,0,0,1,0,0,1,0,0,0,0,0,1,0,0,0,0,1,1,0,0,1,0,1,0,1,0,1,0,0,1,1,0,0,1,1,0,7,7,0,E
17,4,3,2,2,0,2,5,5,1,4,5,14,1,0,0,1,0,1,0,1,0,1,0,1,0,0,0,0,0,1,0,0,1,0,0,0,0,1,0,1,0,1,0,1,0,0,1,0,1,0,1,0,1,0,1,12,12,12,C
17,4,4,2,2,0,3,3,3,2,3,4,2,1,0,0,1,1,0,0,1,1,0,0,0,0,0,1,0,0,1,0,0,1,0,0,0,0,1,0,1,0,0,1,0,1,1,0,0,1,0,1,0,1,1,0,10,11,12,C
16,4,3,1,1,0,5,4,5,1,1,3,0,1,0,0,1,0,1,0,1,0,1,0,0,0,0,1,0,0,1,0,0,1,0,0,0,0,1,0,1,0,1,0,1,0,0,1,1,0,0,1,0,1,1,0,6,0,0,E
16,4,4,1,1,0,5,3,2,1,2,5,0,1,0,0,1,0,1,1,0,0,1,0,0,0,1,0,0,0,0,1,0,1,0,0,0,0,1,0,1,0,1,0,1,0,0,1,0,1,0,1,0,1,1,0,13,12,12,C
18,2,1,2,3,0,4,4,4,1,1,3,0,1,0,1,0,0,1,1,0,0,1,0,0,1,0,0,0,0,1,0,0,1,0,0,0,0,0,1,1,0,0,1,0,1,1,0,1,0,0,1,0,1,0,1,7,0,0,E
16,2,1,3,1,0,4,3,3,1,1,4,6,1,0,0,1,0,1,1,0,0,1,0,0,1,0,0,0,0,1,0,0,1,0,0,0,0,1,0,1,0,1,0,1,0,1,0,0,1,0,1,0,1,1,0,18,18,18,A
17,2,3,2,1,0,5,2,2,1,1,2,4,1,0,0,1,0,1,1,0,0,1,0,0,1,0,0,0,0,1,0,0,1,0,0,0,1,0,0,1,0,1,0,1,0,1,0,0,1,0,1,0,1,1,0,12,12,13,B
22,3,1,1,1,3,5,4,5,5,5,1,16,1,0,0,1,0,1,1,0,0,1,0,0,0,1,0,0,0,0,1,0,0,0,1,0,0,1,0,1,0,1,0,1,0,1,0,1,0,1,0,0,1,0,1,6,8,8,D
18,3,3,1,2,1,4,3,3,1,3,5,8,1,0,0,1,1,0,0,1,0,1,0,0,1,0,0,0,0,0,1,0,1,0,0,0,0,1,0,1,0,0,1,1,0,1,0,0,1,0,1,0,1,0,1,3,5,5,D
16,0,2,1,1,0,4,3,2,2,4,5,0,1,0,0,1,0,1,1,0,0,1,0,0,1,0,0,0,0,1,0,0,0,0,1,0,0,1,0,1,0,1,0,0,1,1,0,1,0,0,1,0,1,1,0,13,15,15,B
18,3,2,2,1,1,4,4,5,2,4,5,0,1,0,0,1,0,1,1,0,0,1,0,0,0,1,0,0,0,1,0,0,1,0,0,0,0,1,0,1,0,1,0,1,0,1,0,0,1,1,0,0,1,1,0,6,8,8,D
16,3,3,3,2,0,5,3,3,1,3,2,6,1,0,0,1,0,1,1,0,0,1,1,0,0,0,0,0,0,1,0,0,0,0,0,1,0,0,1,0,1,0,1,1,0,1,0,1,0,0,1,0,1,1,0,7,10,10,C
18,2,1,1,1,1,3,2,5,2,5,5,4,1,0,0,1,0,1,1,0,0,1,0,0,0,1,0,0,0,0,1,0,0,0,1,0,0,1,0,1,0,1,0,1,0,1,0,1,0,1,0,0,1,1,0,6,9,8,D
16,2,1,2,1,0,3,3,2,1,3,3,0,1,0,0,1,1,0,1,0,0,1,0,0,1,0,0,0,0,1,0,0,1,0,0,0,0,1,0,1,0,1,0,1,0,0,1,1,0,0,1,1,0,1,0,8,9,8,D
17,2,1,1,1,0,4,4,2,2,4,5,0,1,0,0,1,1,0,1,0,0,1,0,0,1,0,0,0,0,1,0,0,1,0,0,0,0,1,0,1,0,1,0,1,0,1,0,1,0,0,1,0,1,1,0,8,12,12,C
17,1,1,2,1,1,4,4,4,1,2,5,2,1,0,0,1,0,1,0,1,0,1,0,1,0,0,0,0,0,1,0,0,1,0,0,0,0,1,0,1,0,0,1,1,0,0,1,0,1,0,1,0,1,1,0,7,9,8,D
17,4,2,1,4,0,4,2,3,1,1,4,6,1,0,1,0,0,1,0,1,0,1,0,0,0,0,1,0,0,0,1,0,0,0,0,1,0,1,0,1,0,0,1,0,1,0,1,0,1,0,1,0,1,1,0,14,12,13,B
19,4,3,1,2,0,4,3,1,1,1,1,12,1,0,0,1,0,1,0,1,1,0,0,0,0,1,0,1,0,0,0,0,0,0,0,1,0,1,0,1,0,0,1,1,0,1,0,0,1,0,1,0,1,1,0,11,11,11,C
18,2,1,1,2,0,5,2,4,1,2,4,8,1,0,0,1,0,1,1,0,0,1,0,0,1,0,0,0,0,1,0,0,0,1,0,0,0,1,0,1,0,1,0,1,0,0,1,0,1,0,1,0,1,1,0,15,14,14,B
17,2,2,1,4,0,3,4,1,1,1,2,0,1,0,1,0,0,1,0,1,0,1,0,0,0,1,0,0,0,0,1,0,1,0,0,0,1,0,0,1,0,1,0,0,1,0,1,0,1,0,1,0,1,0,1,10,9,0,E
18,4,3,1,2,0,3,1,2,1,3,2,21,1,0,1,0,0,1,1,0,0,1,0,0,0,1,0,0,0,1,0,0,0,1,0,0,1,0,0,1,0,0,1,0,1,1,0,0,1,0,1,0,1,0,1,17,18,18,A
18,4,3,1,2,0,4,3,2,1,1,3,2,1,0,0,1,0,1,1,0,0,1,0,0,0,0,1,0,0,1,0,0,1,0,0,0,0,1,0,1,0,0,1,0,1,1,0,1,0,0,1,0,1,1,0,8,8,8,D
18,3,2,1,3,0,5,3,2,1,1,3,1,1,0,0,1,1,0,1,0,0,1,0,0,1,0,0,0,0,1,0,0,1,0,0,0,0,1,0,1,0,1,0,1,0,0,1,1,0,0,1,1,0,1,0,13,12,12,C
17,3,3,1,3,0,3,2,3,1,1,4,4,1,0,1,0,0,1,1,0,0,1,0,0,1,0,0,0,0,1,0,0,0,1,0,0,0,1,0,1,0,1,0,1,0,0,1,1,0,0,1,1,0,1,0,10,9,9,C
18,2,2,1,3,0,4,3,3,1,1,3,0,1,0,1,0,0,1,1,0,0,1,1,0,0,0,0,0,0,0,1,0,0,1,0,0,0,1,0,1,0,0,1,0,1,0,1,0,1,0,1,0,1,0,1,9,10,0,E
18,3,4,2,2,0,4,2,5,3,4,1,13,1,0,0,1,1,0,0,1,1,0,0,0,1,0,0,0,0,1,0,0,0,0,0,1,0,1,0,1,0,0,1,0,1,0,1,0,1,0,1,0,1,1,0,17,17,17,A
17,3,1,1,2,0,5,4,4,3,4,5,2,1,0,0,1,0,1,1,0,0,1,0,0,0,1,0,0,0,1,0,0,0,0,1,0,0,1,0,1,0,1,0,0,1,0,1,0,1,0,1,0,1,0,1,9,9,10,C
18,4,4,2,2,0,4,3,4,2,2,4,8,1,0,1,0,1,0,1,0,0,1,0,0,0,0,1,0,0,1,0,0,0,0,0,1,0,1,0,1,0,1,0,0,1,0,1,0,1,0,1,0,1,1,0,12,10,11,C
18,4,2,1,2,0,5,4,5,1,3,5,10,1,0,0,1,0,1,1,0,0,1,0,1,0,0,0,0,0,1,0,0,0,0,0,1,1,0,0,1,0,0,1,0,1,0,1,0,1,0,1,0,1,0,1,10,9,10,C
18,2,1,2,2,0,4,3,5,1,2,3,0,1,0,1,0,1,0,1,0,0,1,0,0,1,0,0,0,0,1,0,0,0,0,0,1,0,1,0,1,0,0,1,1,0,1,0,0,1,1,0,0,1,0,1,6,0,0,E
19,3,3,1,2,2,4,3,5,3,3,5,15,1,0,1,0,0,1,1,0,0,1,0,0,1,0,0,0,0,0,1,0,0,1,0,0,0,0,1,1,0,0,1,0,1,0,1,0,1,0,1,0,1,1,0,9,9,9,C
18,2,3,1,4,0,4,5,5,1,3,2,4,1,0,1,0,0,1,1,0,0,1,0,0,1,0,0,0,0,0,1,0,0,0,0,1,1,0,0,1,0,0,1,0,1,0,1,0,1,0,1,0,1,0,1,15,14,14,B
18,1,1,2,2,0,4,4,3,1,1,3,2,1,0,1,0,0,1,0,1,0,1,0,0,1,0,0,0,0,1,0,0,0,1,0,0,0,1,0,1,0,0,1,0,1,1,0,1,0,0,1,1,0,1,0,11,11,11,C
17,1,2,1,2,0,3,5,2,2,2,1,2,1,0,0,1,1,0,1,0,0,1,1,0,0,0,0,1,0,0,0,0,0,1,0,0,0,1,0,1,0,0,1,0,1,0,1,1,0,0,1,1,0,0,1,15,14,14,B
17,2,4,2,2,0,4,3,3,1,1,1,2,1,0,1,0,0,1,1,0,0,1,1,0,0,0,0,0,1,0,0,0,0,0,0,1,0,1,0,1,0,0,1,0,1,1,0,0,1,0,1,0,1,0,1,10,10,10,C
17,2,2,2,2,0,4,4,4,2,3,5,6,1,0,1,0,0,1,0,1,0,1,0,0,0,1,0,0,0,1,0,0,1,0,0,0,0,1,0,0,1,0,1,0,1,1,0,0,1,0,1,0,1,0,1,12,12,12,C
18,3,2,2,2,0,4,1,1,1,1,5,75,1,0,1,0,1,0,1,0,1,0,0,0,1,0,0,0,0,0,1,0,0,1,0,0,0,1,0,1,0,1,0,1,0,1,0,1,0,1,0,0,1,0,1,10,9,9,C
18,4,4,2,1,0,3,2,4,1,4,3,22,1,0,0,1,0,1,1,0,0,1,0,0,0,0,1,0,0,0,1,0,0,1,0,0,0,1,0,1,0,1,0,0,1,0,1,0,1,0,1,0,1,1,0,9,9,9,C
18,4,4,1,2,1,2,4,4,1,1,4,15,1,0,1,0,0,1,1,0,0,1,0,1,0,0,0,0,1,0,0,0,0,0,0,1,1,0,0,0,1,0,1,1,0,0,1,0,1,0,1,0,1,0,1,9,8,8,D
18,4,3,2,1,0,4,2,3,1,2,1,8,1,0,0,1,0,1,0,1,0,1,0,0,0,0,1,0,0,0,1,0,1,0,0,0,0,1,0,1,0,1,0,0,1,0,1,0,1,0,1,0,1,1,0,10,11,10,C
17,4,1,2,1,0,4,5,4,2,4,5,30,1,0,0,1,0,1,0,1,1,0,0,0,0,1,0,0,0,1,0,0,0,1,0,0,0,1,0,1,0,1,0,0,1,0,1,0,1,0,1,0,1,0,1,8,8,8,D
17,3,2,1,1,1,4,4,4,3,4,3,19,1,0,0,1,0,1,0,1,1,0,0,0,0,0,1,0,0,0,1,0,0,1,0,0,0,1,0,1,0,1,0,1,0,1,0,0,1,0,1,0,1,1,0,11,9,10,C
18,1,1,2,4,0,5,2,2,1,1,3,1,1,0,1,0,1,0,0,1,0,1,1,0,0,0,0,0,0,1,0,0,0,0,0,1,0,1,0,1,0,0,1,0,1,0,1,0,1,0,1,1,0,1,0,12,12,12,C
18,1,1,2,2,0,5,4,4,1,1,4,4,1,0,1,0,0,1,1,0,0,1,0,0,1,0,0,0,0,1,0,0,0,1,0,0,0,1,0,0,1,1,0,1,0,0,1,0,1,0,1,0,1,1,0,8,9,10,C
17,2,2,1,2,0,5,4,5,1,2,5,4,1,0,1,0,0,1,1,0,0,1,0,0,1,0,0,0,0,1,0,0,1,0,0,0,0,1,0,1,0,0,1,1,0,1,0,1,0,0,1,0,1,1,0,10,9,11,C
17,1,1,1,2,0,4,3,3,1,2,4,2,1,0,0,1,0,1,1,0,0,1,0,0,1,0,0,0,0,1,0,0,0,0,0,1,1,0,0,1,0,1,0,0,1,1,0,1,0,0,1,0,1,1,0,12,10,11,C
18,2,2,1,3,0,4,3,3,1,2,2,5,1,0,1,0,0,1,1,0,0,1,1,0,0,0,0,1,0,0,0,0,0,0,1,0,0,1,0,1,0,0,1,0,1,1,0,0,1,0,1,0,1,1,0,18,18,19,A
17,1,1,1,3,0,4,3,3,1,1,3,6,1,0,1,0,0,1,1,0,0,1,0,0,0,1,0,0,0,0,0,1,0,0,0,1,0,1,0,1,0,0,1,0,1,1,0,0,1,0,1,0,1,1,0,13,12,12,C
18,2,1,1,3,0,4,2,4,1,3,2,6,1,0,0,1,0,1,1,0,0,1,0,0,0,1,0,0,0,0,1,0,0,0,0,1,0,1,0,1,0,1,0,0,1,0,1,0,1,0,1,0,1,1,0,15,14,14,B
18,4,4,1,2,0,5,4,3,1,1,2,9,1,0,0,1,0,1,0,1,1,0,0,0,0,0,1,0,0,0,0,1,0,0,0,1,0,1,0,1,0,0,1,0,1,0,1,0,1,0,1,0,1,1,0,15,13,15,B
18,4,2,1,2,0,4,3,2,1,4,5,11,1,0,0,1,0,1,1,0,0,1,0,0,0,0,1,0,0,1,0,0,0,1,0,0,0,1,0,1,0,0,1,0,1,0,1,0,1,0,1,0,1,0,1,12,11,11,C
17,4,3,1,3,0,4,2,2,1,2,3,0,1,0,1,0,0,1,1,0,0,1,0,1,0,0,0,0,0,0,1,0,0,0,0,1,0,1,0,1,0,0,1,0,1,1,0,0,1,0,1,0,1,1,0,15,15,15,B
18,2,1,1,2,1,5,4,3,1,1,5,12,1,0,1,0,0,1,0,1,0,1,0,0,0,1,0,1,0,0,0,0,0,0,0,1,0,1,0,1,0,1,0,1,0,1,0,0,1,0,1,0,1,0,1,12,12,13,B
17,3,1,2,4,0,3,1,2,1,1,3,6,1,0,1,0,1,0,0,1,0,1,0,0,0,1,0,0,0,1,0,0,0,0,0,1,0,1,0,1,0,0,1,0,1,1,0,0,1,0,1,1,0,1,0,18,18,18,A
18,3,2,2,3,0,5,4,2,1,1,4,8,1,0,0,1,1,0,0,1,0,1,0,0,0,1,0,0,0,1,0,0,0,0,0,1,0,1,0,1,0,0,1,0,1,0,1,0,1,0,1,0,1,1,0,14,13,14,B
17,3,3,1,1,0,4,4,3,1,3,5,4,1,0,0,1,0,1,1,0,0,1,0,1,0,0,0,0,0,1,0,0,0,1,0,0,0,1,0,1,0,0,1,0,1,1,0,0,1,0,1,0,1,1,0,14,12,11,C
19,4,4,2,2,0,2,3,4,2,3,2,0,1,0,1,0,0,1,1,0,0,1,0,1,0,0,0,0,0,1,0,0,0,0,0,1,0,0,1,1,0,0,1,0,1,0,1,0,1,0,1,0,1,1,0,10,9,0,E
18,4,3,2,2,0,4,4,5,1,2,2,10,1,0,1,0,0,1,0,1,0,1,0,0,1,0,0,0,0,1,0,0,0,1,0,0,0,0,1,1,0,0,1,0,1,1,0,0,1,0,1,0,1,0,1,10,8,8,D
18,4,3,1,4,0,4,3,3,1,1,3,0,1,0,1,0,0,1,1,0,0,1,0,0,1,0,0,0,0,1,0,0,0,0,0,1,1,0,0,1,0,0,1,0,1,1,0,0,1,0,1,0,1,1,0,14,13,14,B
18,4,4,1,1,0,1,4,2,2,2,1,5,1,0,0,1,0,1,0,1,0,1,0,0,0,0,1,0,0,0,0,1,0,1,0,0,0,1,0,1,0,0,1,0,1,1,0,0,1,0,1,0,1,0,1,16,15,16,B
18,4,4,1,2,0,4,2,4,1,1,4,14,1,0,1,0,0,1,0,1,1,0,0,1,0,0,0,0,0,1,0,0,0,1,0,0,0,1,0,1,0,0,1,1,0,1,0,0,1,0,1,0,1,0,1,12,10,11,C
17,4,4,2,1,0,4,1,1,2,2,5,0,1,0,0,1,0,1,0,1,0,1,0,0,1,0,0,0,0,0,0,1,0,1,0,0,1,0,0,1,0,1,0,0,1,1,0,0,1,0,1,0,1,1,0,11,11,10,C
17,4,2,2,3,0,4,3,3,1,1,3,0,1,0,1,0,0,1,1,0,0,1,0,0,1,0,0,0,0,1,0,0,0,0,0,1,0,1,0,1,0,0,1,0,1,1,0,0,1,0,1,0,1,1,0,15,12,14,B
17,3,2,1,4,0,5,2,2,1,2,5,0,1,0,1,0,0,1,1,0,0,1,0,1,0,0,0,0,1,0,0,0,0,0,0,1,1,0,0,1,0,0,1,0,1,0,1,1,0,0,1,0,1,1,0,17,17,18,A
19,3,3,1,2,1,4,4,4,1,1,3,20,1,0,0,1,0,1,1,0,0,1,0,0,1,0,0,0,0,1,0,0,0,1,0,0,0,0,1,1,0,0,1,1,0,0,1,0,1,0,1,0,1,0,1,15,14,13,B
18,2,4,1,2,1,4,4,3,1,1,3,8,1,0,1,0,0,1,1,0,0,1,0,0,0,1,0,1,0,0,0,0,0,0,0,1,0,0,1,1,0,0,1,0,1,0,1,0,1,0,1,0,1,1,0,14,12,12,C
20,3,2,1,1,0,5,5,3,1,1,5,0,1,0,0,1,0,1,1,0,1,0,0,0,0,1,0,0,0,1,0,0,1,0,0,0,0,0,1,1,0,1,0,1,0,0,1,0,1,0,1,1,0,1,0,17,18,18,A
19,4,4,2,1,1,4,3,4,1,1,4,38,1,0,0,1,0,1,1,0,0,1,0,0,0,0,1,0,0,0,1,0,0,0,0,1,0,0,1,1,0,0,1,0,1,1,0,0,1,0,1,0,1,0,1,8,9,8,D
19,3,3,1,2,1,4,5,3,1,2,5,0,1,0,0,1,1,0,1,0,0,1,0,0,1,0,0,0,0,0,1,0,0,0,0,1,1,0,0,1,0,1,0,1,0,0,1,0,1,0,1,1,0,0,1,15,12,12,C
19,1,1,1,2,1,4,4,3,1,3,3,18,1,0,1,0,0,1,0,1,0,1,1,0,0,0,0,0,0,1,0,0,0,0,0,1,0,0,1,0,1,0,1,1,0,0,1,1,0,0,1,0,1,1,0,12,10,10,C
19,1,2,1,2,1,4,2,4,2,2,3,0,1,0,1,0,0,1,0,1,0,1,0,0,0,1,0,0,0,0,1,0,0,1,0,0,0,0,1,1,0,1,0,1,0,0,1,1,0,0,1,1,0,0,1,9,9,0,E
19,2,1,3,2,0,3,4,1,1,1,2,20,1,0,1,0,0,1,1,0,0,1,1,0,0,0,0,0,0,1,0,0,0,0,1,0,0,0,1,1,0,0,1,1,0,1,0,0,1,1,0,0,1,0,1,14,12,13,B
19,1,2,1,2,1,4,5,2,2,2,4,3,1,0,0,1,0,1,1,0,0,1,0,0,1,0,0,0,0,0,1,0,1,0,0,0,0,0,1,1,0,1,0,1,0,1,0,1,0,0,1,0,1,1,0,13,11,11,C
19,3,2,2,2,1,4,2,2,1,2,1,22,1,0,1,0,0,1,0,1,0,1,0,0,0,1,0,0,0,1,0,0,0,0,0,1,0,0,1,1,0,0,1,0,1,1,0,1,0,0,1,0,1,0,1,13,10,11,C
19,1,1,1,3,2,4,1,2,1,1,3,14,1,0,1,0,0,1,1,0,0,1,1,0,0,0,0,0,1,0,0,0,0,1,0,0,0,0,1,1,0,1,0,1,0,1,0,1,0,0,1,0,1,0,1,15,13,13,B
19,2,3,1,3,1,4,1,2,1,1,3,40,1,0,1,0,1,0,1,0,0,1,0,0,1,0,0,0,0,1,0,0,0,0,0,1,0,0,1,1,0,1,0,1,0,1,0,0,1,0,1,0,1,0,1,13,11,11,C
18,2,1,2,2,0,5,3,3,1,2,1,0,1,0,1,0,0,1,1,0,0,1,0,0,0,1,0,0,0,1,0,0,1,0,0,0,0,1,0,1,0,0,1,0,1,0,1,0,1,0,1,0,1,1,0,8,8,0,E
18,4,3,1,3,0,4,3,4,1,1,5,9,1,0,1,0,0,1,1,0,0,1,0,0,1,0,0,0,0,1,0,0,1,0,0,0,0,1,0,1,0,0,1,0,1,0,1,0,1,0,1,0,1,0,1,9,10,9,C
17,3,4,1,3,0,4,3,4,2,5,5,0,1,0,1,0,1,0,1,0,0,1,1,0,0,0,0,0,0,0,1,0,1,0,0,0,1,0,0,1,0,0,1,0,1,0,1,1,0,0,1,0,1,1,0,11,11,10,C
18,4,4,1,2,0,4,4,4,3,3,5,2,1,0,1,0,0,1,1,0,0,1,0,0,0,0,1,0,0,1,0,0,1,0,0,0,0,1,0,1,0,0,1,0,1,1,0,0,1,0,1,0,1,1,0,11,11,11,C
17,4,3,1,2,0,5,2,2,1,2,5,23,1,0,1,0,0,1,1,0,1,0,0,0,0,1,0,0,0,0,1,0,1,0,0,0,0,1,0,1,0,0,1,0,1,1,0,0,1,0,1,0,1,0,1,13,13,13,B
17,2,2,1,2,0,4,2,2,1,1,3,12,1,0,1,0,0,1,1,0,0,1,0,0,1,0,0,0,0,1,0,0,1,0,0,0,0,1,0,1,0,0,1,1,0,1,0,0,1,0,1,1,0,0,1,11,9,9,C
17,2,2,1,3,0,3,3,2,2,2,3,3,1,0,1,0,1,0,0,1,0,1,0,0,0,1,0,0,0,0,1,0,1,0,0,0,0,1,0,1,0,0,1,0,1,0,1,0,1,0,1,0,1,1,0,11,11,11,C
17,3,1,1,3,0,3,4,3,2,3,5,1,1,0,1,0,0,1,1,0,0,1,0,0,0,1,0,0,0,0,1,0,1,0,0,0,1,0,0,1,0,0,1,1,0,1,0,1,0,0,1,0,1,1,0,12,14,15,B
17,0,2,2,3,0,3,3,3,2,3,2,0,1,0,1,0,0,1,0,1,0,1,1,0,0,0,0,1,0,0,0,0,0,1,0,0,1,0,0,1,0,1,0,1,0,1,0,0,1,0,1,0,1,1,0,16,15,15,B
18,4,4,1,3,0,4,3,3,2,2,3,3,1,0,0,1,0,1,1,0,0,1,0,0,1,0,0,0,0,1,0,0,1,0,0,0,0,1,0,1,0,1,0,1,0,0,1,0,1,0,1,0,1,1,0,9,12,11,C
17,3,3,1,1,0,4,3,5,3,5,5,3,1,0,0,1,0,1,1,0,0,1,0,0,1,0,0,0,0,0,1,0,0,0,0,1,0,1,0,1,0,1,0,1,0,0,1,1,0,0,1,0,1,1,0,14,15,16,B
17,2,2,4,1,0,4,4,5,5,5,4,8,1,0,0,1,1,0,1,0,0,1,0,0,0,1,0,0,0,1,0,0,1,0,0,0,0,1,0,1,0,0,1,1,0,1,0,0,1,0,1,0,1,1,0,11,10,10,C
17,4,4,1,3,0,5,4,4,1,3,4,7,1,0,1,0,0,1,1,0,0,1,0,0,0,0,1,0,0,0,1,0,1,0,0,0,0,1,0,1,0,0,1,0,1,0,1,0,1,0,1,0,1,1,0,10,9,9,C
17,4,4,2,3,0,4,3,3,1,2,4,4,1,0,1,0,0,1,1,0,0,1,0,0,0,0,1,0,0,0,0,1,1,0,0,0,0,1,0,1,0,0,1,0,1,1,0,1,0,0,1,0,1,0,1,14,14,14,B
18,2,2,1,4,0,4,5,5,2,4,5,2,1,0,0,1,0,1,0,1,0,1,0,0,1,0,0,0,0,1,0,0,1,0,0,0,0,1,0,1,0,0,1,1,0,0,1,0,1,0,1,0,1,1,0,9,8,8,D
17,2,4,1,3,0,4,4,3,1,1,5,7,1,0,1,0,1,0,1,0,0,1,1,0,0,0,0,0,0,1,0,0,1,0,0,0,1,0,0,1,0,0,1,1,0,1,0,0,1,0,1,0,1,0,1,12,14,14,B
18,3,3,1,2,0,5,3,4,1,1,4,0,1,0,1,0,0,1,1,0,0,1,0,0,0,1,0,0,0,0,1,0,0,1,0,0,0,1,0,1,0,1,0,1,0,0,1,0,1,0,1,0,1,1,0,7,0,0,E
18,2,2,1,2,0,4,3,3,1,1,2,0,1,0,1,0,0,1,0,1,0,1,0,0,1,0,0,0,0,1,0,0,0,1,0,0,0,0,1,1,0,1,0,1,0,0,1,1,0,0,1,0,1,0,1,8,8,0,E
18,2,2,2,4,0,4,4,4,1,1,4,0,1,0,1,0,1,0,1,0,0,1,1,0,0,0,0,0,0,1,0,0,1,0,0,0,0,1,0,1,0,1,0,1,0,0,1,0,1,0,1,1,0,1,0,10,9,0,E
17,3,4,1,3,0,4,4,5,1,3,5,16,1,0,1,0,0,1,1,0,0,1,0,0,0,1,0,0,0,1,0,0,1,0,0,0,0,1,0,1,0,1,0,1,0,1,0,0,1,0,1,0,1,1,0,16,15,15,B
19,3,1,1,3,1,5,4,3,1,2,5,12,1,0,1,0,1,0,1,0,1,0,0,0,0,1,0,1,0,0,0,0,0,1,0,0,0,0,1,1,0,1,0,0,1,1,0,0,1,0,1,1,0,1,0,14,13,13,B
17,3,2,1,2,0,4,3,2,2,3,2,0,1,0,1,0,0,1,1,0,0,1,0,0,1,0,0,0,0,1,0,0,0,1,0,0,0,1,0,1,0,0,1,0,1,1,0,0,1,0,1,0,1,0,1,7,8,0,E
18,3,3,1,4,0,5,3,3,1,1,1,7,1,0,1,0,0,1,0,1,0,1,0,0,0,1,0,0,0,0,1,0,0,1,0,0,0,1,0,1,0,0,1,1,0,1,0,0,1,0,1,0,1,1,0,16,15,17,A
17,3,2,1,2,0,4,3,3,2,3,2,4,1,0,1,0,1,0,1,0,1,0,0,0,1,0,0,0,0,1,0,0,0,1,0,0,0,1,0,1,0,0,1,0,1,1,0,0,1,0,1,0,1,1,0,9,10,10,C
19,2,1,1,3,1,4,3,4,1,3,3,4,1,0,1,0,0,1,1,0,0,1,0,0,0,1,0,0,0,0,1,0,0,1,0,0,0,0,1,1,0,1,0,0,1,0,1,0,1,0,1,0,1,0,1,11,12,11,C
18,4,4,1,2,1,4,3,3,2,2,2,0,1,0,0,1,0,1,1,0,0,1,0,0,0,0,1,0,0,0,1,0,0,1,0,0,1,0,0,1,0,0,1,1,0,0,1,0,1,0,1,0,1,1,0,10,10,0,E
18,3,4,1,2,0,4,3,3,1,3,5,11,1,0,0,1,0,1,0,1,0,1,0,0,0,1,0,0,0,1,0,0,0,1,0,0,0,1,0,1,0,1,0,1,0,0,1,0,1,0,1,0,1,0,1,16,15,15,B
17,2,2,1,2,1,3,3,1,1,2,4,0,1,0,1,0,0,1,1,0,1,0,1,0,0,0,0,1,0,0,0,0,0,1,0,0,1,0,0,1,0,0,1,1,0,1,0,0,1,0,1,0,1,0,1,9,8,0,E
18,2,3,1,3,0,4,3,3,1,2,3,4,1,0,1,0,0,1,1,0,0,1,1,0,0,0,0,0,0,1,0,0,1,0,0,0,0,1,0,1,0,0,1,1,0,1,0,0,1,0,1,0,1,1,0,11,10,10,C
18,3,2,1,3,0,5,4,3,2,3,1,7,1,0,1,0,0,1,1,0,0,1,0,0,1,0,0,0,0,0,1,0,0,0,1,0,0,1,0,1,0,1,0,1,0,1,0,0,1,0,1,0,1,0,1,13,13,14,B
18,4,3,1,3,0,5,3,2,1,2,4,9,1,0,0,1,1,0,1,0,0,1,0,0,0,0,1,0,0,0,1,0,1,0,0,0,0,1,0,1,0,1,0,1,0,1,0,0,1,0,1,0,1,0,1,16,15,16,B
18,4,3,1,3,0,5,4,5,2,3,5,0,1,0,0,1,0,1,1,0,0,1,0,0,0,0,1,0,0,1,0,0,1,0,0,0,0,1,0,1,0,0,1,0,1,1,0,0,1,0,1,0,1,0,1,10,10,9,C
17,4,3,1,3,0,4,4,3,1,3,4,0,1,0,1,0,0,1,1,0,0,1,0,1,0,0,0,0,0,1,0,0,0,0,0,1,0,1,0,1,0,0,1,0,1,0,1,0,1,0,1,0,1,0,1,13,15,15,B
18,3,2,2,1,1,2,5,5,5,5,5,10,0,1,0,1,1,0,1,0,0,1,0,0,1,0,0,0,0,1,0,0,1,0,0,0,0,1,0,1,0,0,1,1,0,1,0,1,0,0,1,0,1,1,0,11,13,13,B
19,1,1,3,2,3,5,4,4,3,3,2,8,0,1,0,1,1,0,1,0,0,1,0,0,1,0,0,0,0,0,1,0,0,1,0,0,0,0,1,1,0,1,0,1,0,1,0,0,1,0,1,0,1,1,0,8,7,8,D
17,3,3,2,2,0,4,5,4,2,3,3,2,0,1,0,1,0,1,1,0,0,1,0,1,0,0,0,0,0,1,0,0,1,0,0,0,0,1,0,1,0,0,1,0,1,1,0,0,1,0,1,0,1,1,0,13,13,13,B
18,1,3,1,1,1,4,3,3,2,3,3,7,0,1,0,1,0,1,0,1,0,1,1,0,0,0,0,0,0,0,1,0,1,0,0,0,0,1,0,1,0,1,0,1,0,1,0,0,1,1,0,0,1,0,1,8,7,8,D
19,1,1,3,1,1,4,4,4,3,3,5,4,0,1,0,1,1,0,1,0,0,1,0,0,1,0,0,0,0,1,0,0,0,1,0,0,0,0,1,1,0,0,1,1,0,1,0,0,1,0,1,0,1,1,0,8,8,8,D
17,4,3,2,2,0,4,5,5,1,3,2,4,0,1,0,1,1,0,1,0,0,1,0,0,0,1,0,0,0,1,0,0,0,1,0,0,0,1,0,1,0,0,1,0,1,0,1,1,0,0,1,0,1,0,1,13,11,11,C
18,3,3,1,2,0,5,3,4,1,1,5,0,0,1,1,0,0,1,1,0,0,1,0,0,0,1,0,0,0,0,1,0,1,0,0,0,1,0,0,1,0,0,1,1,0,1,0,0,1,0,1,1,0,0,1,10,9,9,C
17,4,4,2,2,0,4,3,3,1,2,5,4,0,1,1,0,1,0,1,0,0,1,0,0,0,0,1,0,0,0,1,0,0,0,1,0,1,0,0,1,0,0,1,0,1,0,1,0,1,0,1,0,1,1,0,12,13,13,B
17,3,2,2,2,0,1,2,3,1,2,5,2,0,1,1,0,0,1,0,1,1,0,0,0,0,1,0,0,0,1,0,0,0,0,0,1,0,1,0,1,0,1,0,1,0,1,0,0,1,0,1,1,0,0,1,12,12,11,C
18,1,1,2,1,0,3,3,2,1,2,3,4,0,1,0,1,0,1,0,1,0,1,0,0,1,0,0,0,0,0,1,0,0,1,0,0,1,0,0,1,0,1,0,1,0,1,0,1,0,0,1,0,1,0,1,10,10,10,C
18,1,1,2,3,0,5,3,2,1,1,4,0,0,1,1,0,0,1,0,1,0,1,1,0,0,0,0,0,0,0,1,0,1,0,0,0,1,0,0,1,0,1,0,1,0,1,0,0,1,0,1,0,1,1,0,18,16,16,B
18,1,4,3,2,0,4,3,4,1,4,5,0,0,1,1,0,1,0,0,1,1,0,1,0,0,0,0,0,0,1,0,0,1,0,0,0,0,1,0,1,0,1,0,1,0,1,0,0,1,0,1,1,0,0,1,13,13,13,B
18,1,1,2,2,1,4,4,3,2,3,5,2,0,1,0,1,1,0,0,1,0,1,1,0,0,0,0,0,0,1,0,0,0,0,1,0,0,1,0,1,0,1,0,1,0,0,1,1,0,1,0,1,0,1,0,13,12,12,C
18,3,3,2,2,0,4,3,2,1,3,3,0,0,1,1,0,0,1,1,0,0,1,0,0,0,1,0,0,0,0,1,0,0,0,1,0,0,1,0,1,0,0,1,1,0,1,0,0,1,0,1,0,1,0,1,11,11,10,C
17,4,4,1,2,0,2,3,4,1,1,1,0,0,1,1,0,0,1,0,1,0,1,1,0,0,0,0,1,0,0,0,0,1,0,0,0,0,1,0,1,0,0,1,0,1,0,1,0,1,0,1,0,1,0,1,16,15,15,B
17,1,2,2,2,0,3,2,2,1,2,3,0,0,1,1,0,1,0,1,0,0,1,0,0,1,0,0,0,0,0,1,0,1,0,0,0,1,0,0,1,0,1,0,1,0,1,0,1,0,0,1,1,0,1,0,12,11,12,C
18,1,3,2,2,0,3,3,4,2,4,3,4,0,1,0,1,1,0,1,0,0,1,1,0,0,0,0,0,0,1,0,0,1,0,0,0,0,1,0,1,0,0,1,0,1,1,0,0,1,0,1,1,0,1,0,10,10,10,C
18,4,4,2,3,0,4,2,2,2,2,5,0,0,1,0,1,0,1,0,1,0,1,0,0,0,0,1,0,0,0,1,0,0,0,1,0,0,1,0,1,0,1,0,0,1,1,0,0,1,0,1,0,1,0,1,13,13,13,B
17,1,1,3,1,1,5,2,1,1,2,1,0,0,1,1,0,1,0,1,0,0,1,0,0,1,0,0,0,0,0,1,0,0,0,0,1,0,1,0,1,0,0,1,0,1,1,0,0,1,0,1,0,1,0,1,7,6,0,E
18,2,3,2,1,0,5,2,3,1,2,4,0,0,1,1,0,0,1,1,0,0,1,1,0,0,0,0,0,0,0,1,0,1,0,0,0,1,0,0,1,0,0,1,0,1,1,0,0,1,0,1,0,1,0,1,11,10,10,C
18,4,4,3,2,0,3,2,2,4,2,5,10,0,1,1,0,1,0,1,0,0,1,0,0,1,0,0,0,0,0,0,1,0,0,1,0,1,0,0,1,0,0,1,0,1,1,0,1,0,0,1,0,1,0,1,14,12,11,C
19,3,2,2,2,2,3,2,2,1,1,3,4,0,1,1,0,0,1,0,1,0,1,0,0,0,1,0,0,0,0,1,0,0,1,0,0,0,0,1,1,0,1,0,1,0,0,1,0,1,0,1,1,0,0,1,7,7,9,C
18,1,2,3,1,0,4,3,3,2,3,3,3,0,1,0,1,1,0,0,1,0,1,1,0,0,0,0,0,0,0,1,0,0,0,1,0,1,0,0,1,0,0,1,0,1,0,1,0,1,1,0,0,1,0,1,14,12,12,C
17,2,2,1,3,0,3,4,3,1,1,3,8,0,1,1,0,0,1,1,0,0,1,0,0,1,0,0,1,0,0,0,0,0,1,0,0,0,1,0,1,0,1,0,1,0,0,1,0,1,0,1,1,0,0,1,13,11,11,C
17,1,2,1,1,0,3,5,5,1,3,1,14,0,1,1,0,1,0,1,0,0,1,0,0,1,0,0,0,0,1,0,0,1,0,0,0,0,1,0,1,0,1,0,1,0,0,1,0,1,0,1,0,1,1,0,6,5,5,D
18,4,4,2,3,0,5,4,4,1,1,1,0,0,1,1,0,1,0,0,1,0,1,0,0,1,0,0,0,0,1,0,0,0,0,0,1,0,1,0,1,0,1,0,1,0,1,0,0,1,0,1,0,1,1,0,19,18,19,A
18,1,1,4,3,0,4,3,2,1,2,4,2,0,1,1,0,1,0,1,0,0,1,0,0,1,0,0,0,0,1,0,0,0,1,0,0,0,1,0,1,0,1,0,1,0,1,0,0,1,0,1,0,1,1,0,8,8,10,C
20,4,2,2,3,2,5,4,3,1,1,3,4,0,1,1,0,0,1,1,0,0,1,0,1,0,0,0,0,0,1,0,0,1,0,0,0,0,0,1,1,0,0,1,0,1,1,0,1,0,0,1,0,1,0,1,15,14,15,B
18,4,4,1,2,0,5,4,3,3,4,2,4,0,1,1,0,1,0,0,1,0,1,0,0,0,0,1,0,0,0,1,0,1,0,0,0,0,1,0,1,0,1,0,0,1,0,1,0,1,0,1,0,1,1,0,8,9,10,C
18,3,3,1,2,0,4,1,3,1,2,1,0,0,1,1,0,0,1,1,0,0,1,0,0,1,0,0,0,0,1,0,0,0,1,0,0,0,1,0,1,0,1,0,0,1,1,0,0,1,0,1,0,1,0,1,15,15,15,B
17,3,1,1,2,0,4,5,4,2,3,1,17,0,1,1,0,1,0,1,0,0,1,1,0,0,0,0,0,0,1,0,0,0,0,0,1,0,1,0,1,0,0,1,0,1,0,1,1,0,0,1,0,1,1,0,10,10,10,C
18,4,4,1,2,0,3,2,4,1,4,2,4,0,1,0,1,0,1,1,0,0,1,0,0,0,0,1,0,0,0,0,1,0,1,0,0,1,0,0,1,0,1,0,0,1,0,1,1,0,0,1,0,1,1,0,15,14,14,B
18,2,1,2,1,0,4,4,3,1,3,5,5,0,1,0,1,1,0,1,0,0,1,0,0,1,0,0,0,0,1,0,0,0,0,1,0,0,1,0,1,0,1,0,1,0,0,1,1,0,0,1,0,1,0,1,7,6,7,D
17,2,3,2,2,0,4,4,3,1,1,3,2,0,1,0,1,0,1,1,0,0,1,0,0,1,0,0,0,0,0,1,0,0,1,0,0,1,0,0,1,0,1,0,1,0,0,1,0,1,0,1,0,1,1,0,11,11,10,C
19,1,1,2,1,1,4,3,2,1,3,5,0,0,1,0,1,1,0,1,0,0,1,0,0,1,0,0,0,0,0,1,0,0,0,1,0,0,1,0,1,0,1,0,1,0,1,0,0,1,0,1,1,0,1,0,6,5,0,E
18,4,2,2,1,1,5,4,3,4,3,3,14,0,1,0,1,1,0,1,0,0,1,0,0,1,0,0,0,0,1,0,0,0,1,0,0,1,0,0,1,0,1,0,0,1,1,0,0,1,0,1,1,0,1,0,6,5,5,D
18,2,2,2,3,0,5,3,3,1,3,4,2,0,1,1,0,1,0,1,0,0,1,1,0,0,0,0,0,0,1,0,0,0,0,1,0,0,1,0,1,0,1,0,0,1,1,0,0,1,0,1,1,0,1,0,10,9,10,C
18,4,4,3,1,0,4,4,3,2,2,5,7,0,1,1,0,1,0,1,0,0,1,0,0,0,0,1,1,0,0,0,0,0,0,0,1,0,1,0,1,0,0,1,0,1,0,1,0,1,0,1,0,1,0,1,6,5,6,D
19,2,3,1,3,1,5,4,2,1,2,5,0,0,1,1,0,1,0,1,0,0,1,0,0,0,1,0,0,0,1,0,0,1,0,0,0,0,1,0,1,0,1,0,1,0,0,1,1,0,0,1,0,1,1,0,7,5,0,E
18,3,1,1,2,0,4,3,4,1,1,1,0,0,1,1,0,0,1,0,1,0,1,0,0,0,0,1,0,0,0,1,0,1,0,0,0,0,1,0,1,0,0,1,0,1,1,0,0,1,0,1,0,1,1,0,7,9,8,D
18,1,1,2,2,1,1,1,1,1,1,5,0,0,1,1,0,0,1,1,0,0,1,0,0,1,0,0,0,0,1,0,0,1,0,0,0,0,1,0,1,0,1,0,1,0,0,1,0,1,0,1,1,0,1,0,6,5,0,E
20,2,2,1,2,2,5,5,4,4,5,4,11,0,1,0,1,0,1,0,1,1,0,0,0,0,1,0,0,0,0,1,0,1,0,0,0,0,0,1,1,0,0,1,0,1,1,0,0,1,0,1,1,0,1,0,9,9,9,C
17,3,1,2,1,0,2,4,5,3,4,2,3,0,1,0,1,0,1,0,1,0,1,0,0,0,1,0,0,0,0,1,0,1,0,0,0,0,1,0,1,0,1,0,1,0,1,0,1,0,0,1,0,1,1,0,14,16,16,B
21,1,1,1,1,3,5,5,3,3,3,3,3,0,1,0,1,1,0,1,0,0,1,0,0,1,0,0,0,0,1,0,0,1,0,0,0,0,0,1,1,0,1,0,1,0,1,0,1,0,0,1,1,0,1,0,10,8,7,D
18,3,2,3,1,0,4,4,1,3,4,5,0,0,1,0,1,1,0,0,1,0,1,0,0,0,1,0,0,0,1,0,0,1,0,0,0,0,1,0,1,0,1,0,1,0,1,0,1,0,0,1,0,1,1,0,11,12,10,C
19,1,1,1,1,0,3,2,3,3,3,5,5,0,1,0,1,0,1,0,1,0,1,0,0,1,0,0,1,0,0,0,0,1,0,0,0,1,0,0,1,0,1,0,1,0,1,0,0,1,0,1,0,1,1,0,8,9,9,C
